"Series Description","Market yield on U.S. Treasury securities at 1-month   constant maturity, quoted on investment basis","Market yield on U.S. Treasury securities at 3-month   constant maturity, quoted on investment basis","Market yield on U.S. Treasury securities at 6-month   constant maturity, quoted on investment basis","Market yield on U.S. Treasury securities at 1-year   constant maturity, quoted on investment basis","Market yield on U.S. Treasury securities at 2-year   constant maturity, quoted on investment basis","Market yield on U.S. Treasury securities at 3-year   constant maturity, quoted on investment basis","Market yield on U.S. Treasury securities at 5-year   constant maturity, quoted on investment basis","Market yield on U.S. Treasury securities at 7-year   constant maturity, quoted on investment basis","Market yield on U.S. Treasury securities at 10-year   constant maturity, quoted on investment basis","Market yield on U.S. Treasury securities at 20-year   constant maturity, quoted on investment basis","Market yield on U.S. Treasury securities at 30-year   constant maturity, quoted on investment basis"
"Unit:","Percent:_Per_Year","Percent:_Per_Year","Percent:_Per_Year","Percent:_Per_Year","Percent:_Per_Year","Percent:_Per_Year","Percent:_Per_Year","Percent:_Per_Year","Percent:_Per_Year","Percent:_Per_Year","Percent:_Per_Year"
"Multiplier:","1","1","1","1","1","1","1","1","1","1","1"
"Currency:","NA","NA","NA","NA","NA","NA","NA","NA","NA","NA","NA"
"Unique Identifier: ","H15/H15/RIFLGFCM01_N.B","H15/H15/RIFLGFCM03_N.B","H15/H15/RIFLGFCM06_N.B","H15/H15/RIFLGFCY01_N.B","H15/H15/RIFLGFCY02_N.B","H15/H15/RIFLGFCY03_N.B","H15/H15/RIFLGFCY05_N.B","H15/H15/RIFLGFCY07_N.B","H15/H15/RIFLGFCY10_N.B","H15/H15/RIFLGFCY20_N.B","H15/H15/RIFLGFCY30_N.B"
"Time Period","RIFLGFCM01_N.B","RIFLGFCM03_N.B","RIFLGFCM06_N.B","RIFLGFCY01_N.B","RIFLGFCY02_N.B","RIFLGFCY03_N.B","RIFLGFCY05_N.B","RIFLGFCY07_N.B","RIFLGFCY10_N.B","RIFLGFCY20_N.B","RIFLGFCY30_N.B"
2015-01-01,ND,ND,ND,ND,ND,ND,ND,ND,ND,ND,ND
2015-01-02,0.02,0.02,0.11,0.25,0.66,1.07,1.61,1.92,2.12,2.41,2.69
2015-01-05,0.02,0.03,0.10,0.26,0.68,1.06,1.57,1.85,2.04,2.32,2.60
2015-01-06,0.02,0.03,0.10,0.25,0.65,1.02,1.50,1.78,1.97,2.25,2.52
2015-01-07,0.02,0.03,0.09,0.25,0.62,1.00,1.47,1.76,1.96,2.25,2.52
2015-01-08,0.01,0.03,0.08,0.23,0.62,1.00,1.50,1.81,2.03,2.33,2.59
2015-01-09,0.02,0.02,0.08,0.22,0.59,0.96,1.45,1.75,1.98,2.29,2.55
2015-01-12,0.02,0.03,0.09,0.19,0.56,0.91,1.39,1.69,1.92,2.23,2.49
2015-01-13,0.02,0.03,0.08,0.20,0.54,0.88,1.37,1.67,1.91,2.24,2.49
2015-01-14,0.02,0.04,0.09,0.18,0.51,0.83,1.33,1.62,1.86,2.20,2.47
2015-01-15,0.03,0.03,0.08,0.16,0.44,0.75,1.22,1.53,1.77,2.12,2.40
2015-01-16,0.02,0.03,0.07,0.17,0.49,0.80,1.29,1.60,1.83,2.17,2.44
2015-01-19,ND,ND,ND,ND,ND,ND,ND,ND,ND,ND,ND
2015-01-20,0.01,0.03,0.08,0.17,0.53,0.85,1.31,1.61,1.82,2.15,2.39
2015-01-21,0.01,0.03,0.08,0.17,0.53,0.87,1.35,1.66,1.87,2.20,2.44
2015-01-22,0.02,0.03,0.08,0.17,0.53,0.90,1.39,1.69,1.90,2.21,2.46
2015-01-23,0.02,0.02,0.07,0.17,0.52,0.86,1.33,1.62,1.81,2.12,2.38
2015-01-26,0.02,0.03,0.08,0.18,0.54,0.89,1.36,1.64,1.83,2.14,2.40
2015-01-27,0.02,0.02,0.08,0.17,0.54,0.87,1.34,1.62,1.83,2.15,2.40
2015-01-28,0.02,0.02,0.08,0.17,0.50,0.81,1.25,1.53,1.73,2.05,2.29
2015-01-29,0.01,0.03,0.07,0.17,0.51,0.84,1.28,1.59,1.77,2.11,2.33
2015-01-30,0.01,0.02,0.07,0.18,0.47,0.77,1.18,1.49,1.68,2.04,2.25
2015-02-02,0.01,0.02,0.07,0.17,0.49,0.78,1.19,1.49,1.68,2.07,2.25
2015-02-03,0.02,0.02,0.07,0.21,0.52,0.85,1.28,1.60,1.79,2.16,2.37
2015-02-04,0.01,0.01,0.06,0.20,0.52,0.86,1.29,1.61,1.81,2.17,2.39
2015-02-05,0.02,0.02,0.06,0.20,0.52,0.87,1.30,1.62,1.83,2.20,2.42
2015-02-06,0.01,0.02,0.07,0.26,0.65,1.03,1.48,1.77,1.95,2.28,2.51
2015-02-09,0.02,0.01,0.08,0.24,0.65,1.04,1.49,1.78,1.96,2.28,2.52
2015-02-10,0.02,0.01,0.08,0.25,0.67,1.05,1.52,1.82,2.01,2.33,2.58
2015-02-11,0.02,0.01,0.07,0.24,0.67,1.06,1.53,1.83,2.00,2.33,2.57
2015-02-12,0.02,0.02,0.07,0.23,0.61,1.02,1.50,1.81,1.99,2.33,2.58
2015-02-13,0.02,0.01,0.07,0.23,0.66,1.03,1.53,1.84,2.02,2.39,2.63
2015-02-16,ND,ND,ND,ND,ND,ND,ND,ND,ND,ND,ND
2015-02-17,0.02,0.02,0.07,0.25,0.70,1.10,1.62,1.95,2.14,2.49,2.73
2015-02-18,0.02,0.02,0.07,0.23,0.62,1.00,1.52,1.86,2.07,2.46,2.70
2015-02-19,0.02,0.02,0.07,0.23,0.67,1.05,1.58,1.92,2.11,2.50,2.73
2015-02-20,0.02,0.02,0.07,0.23,0.67,1.07,1.61,1.94,2.13,2.50,2.73
2015-02-23,0.01,0.02,0.08,0.22,0.64,1.03,1.56,1.88,2.06,2.44,2.66
2015-02-24,0.02,0.02,0.08,0.22,0.60,0.97,1.47,1.79,1.99,2.38,2.60
2015-02-25,0.02,0.02,0.07,0.21,0.61,0.98,1.47,1.78,1.96,2.35,2.56
2015-02-26,0.02,0.03,0.07,0.22,0.66,1.04,1.54,1.86,2.03,2.39,2.63
2015-02-27,0.02,0.02,0.07,0.22,0.63,1.01,1.50,1.82,2.00,2.38,2.60
2015-03-02,0.02,0.02,0.08,0.22,0.66,1.06,1.57,1.89,2.08,2.46,2.68
2015-03-03,0.01,0.02,0.08,0.26,0.68,1.09,1.61,1.94,2.12,2.49,2.71
2015-03-04,0.01,0.01,0.08,0.26,0.66,1.07,1.60,1.93,2.12,2.49,2.72
2015-03-05,0.02,0.02,0.08,0.25,0.65,1.05,1.57,1.90,2.11,2.49,2.71
2015-03-06,0.02,0.01,0.08,0.27,0.73,1.16,1.70,2.04,2.24,2.63,2.83
2015-03-09,0.01,0.02,0.10,0.27,0.70,1.13,1.66,1.99,2.20,2.58,2.80
2015-03-10,0.03,0.02,0.10,0.25,0.70,1.10,1.62,1.94,2.14,2.51,2.73
2015-03-11,0.03,0.03,0.10,0.25,0.70,1.09,1.60,1.92,2.11,2.47,2.69
2015-03-12,0.03,0.03,0.10,0.24,0.67,1.06,1.59,1.91,2.10,2.47,2.69
2015-03-13,0.03,0.03,0.11,0.24,0.68,1.07,1.60,1.93,2.13,2.48,2.70
2015-03-16,0.02,0.05,0.15,0.26,0.66,1.06,1.57,1.90,2.10,2.45,2.67
2015-03-17,0.05,0.05,0.15,0.27,0.70,1.07,1.56,1.87,2.06,2.40,2.61
2015-03-18,0.02,0.03,0.12,0.23,0.57,0.92,1.41,1.73,1.93,2.31,2.51
2015-03-19,0.02,0.03,0.12,0.26,0.63,0.99,1.48,1.79,1.98,2.33,2.54
2015-03-20,0.00,0.01,0.11,0.24,0.60,0.95,1.42,1.73,1.93,2.29,2.50
2015-03-23,0.02,0.03,0.11,0.24,0.60,0.93,1.41,1.71,1.92,2.29,2.51
2015-03-24,0.03,0.02,0.11,0.24,0.58,0.91,1.37,1.68,1.88,2.24,2.46
2015-03-25,0.02,0.04,0.11,0.25,0.59,0.94,1.41,1.73,1.93,2.28,2.50
2015-03-26,0.02,0.03,0.13,0.28,0.61,0.98,1.47,1.81,2.01,2.37,2.60
2015-03-27,0.02,0.04,0.12,0.27,0.58,0.92,1.42,1.74,1.95,2.29,2.53
2015-03-30,0.02,0.04,0.14,0.27,0.58,0.93,1.41,1.74,1.96,2.32,2.55
2015-03-31,0.05,0.03,0.14,0.26,0.56,0.89,1.37,1.71,1.94,2.31,2.54
2015-04-01,0.02,0.03,0.12,0.27,0.55,0.86,1.32,1.65,1.87,2.23,2.47
2015-04-02,0.02,0.02,0.10,0.25,0.55,0.87,1.35,1.69,1.92,2.29,2.53
2015-04-03,0.04,0.02,0.10,0.21,0.49,0.80,1.26,1.60,1.85,2.24,2.49
2015-04-06,0.02,0.03,0.10,0.21,0.51,0.83,1.31,1.67,1.92,2.31,2.57
2015-04-07,0.02,0.02,0.10,0.22,0.52,0.85,1.32,1.66,1.89,2.27,2.52
2015-04-08,0.02,0.03,0.10,0.22,0.54,0.86,1.35,1.68,1.92,2.28,2.53
2015-04-09,0.02,0.03,0.10,0.22,0.56,0.89,1.40,1.73,1.97,2.35,2.61
2015-04-10,0.01,0.02,0.09,0.24,0.57,0.91,1.41,1.73,1.96,2.33,2.58
2015-04-13,0.02,0.03,0.11,0.23,0.54,0.89,1.38,1.71,1.94,2.33,2.58
2015-04-14,0.02,0.02,0.10,0.23,0.53,0.85,1.34,1.67,1.90,2.29,2.54
2015-04-15,0.02,0.02,0.08,0.23,0.51,0.85,1.33,1.66,1.91,2.30,2.55
2015-04-16,0.03,0.02,0.08,0.22,0.50,0.81,1.31,1.64,1.90,2.31,2.56
2015-04-17,0.03,0.01,0.08,0.23,0.51,0.84,1.31,1.63,1.87,2.26,2.51
2015-04-20,0.03,0.03,0.10,0.24,0.55,0.86,1.33,1.65,1.90,2.31,2.56
2015-04-21,0.02,0.03,0.09,0.23,0.55,0.86,1.35,1.67,1.92,2.33,2.58
2015-04-22,0.01,0.03,0.10,0.23,0.57,0.91,1.41,1.75,1.99,2.42,2.66
2015-04-23,0.01,0.03,0.09,0.24,0.55,0.87,1.37,1.70,1.96,2.38,2.63
2015-04-24,0.03,0.03,0.10,0.24,0.54,0.84,1.34,1.68,1.93,2.36,2.62
2015-04-27,0.01,0.02,0.10,0.25,0.54,0.87,1.36,1.69,1.94,2.36,2.61
2015-04-28,0.00,0.02,0.09,0.24,0.56,0.90,1.39,1.75,2.00,2.42,2.68
2015-04-29,0.00,0.01,0.07,0.25,0.56,0.91,1.43,1.80,2.06,2.49,2.76
2015-04-30,0.00,0.01,0.06,0.24,0.58,0.91,1.43,1.79,2.05,2.49,2.75
2015-05-01,0.00,0.01,0.05,0.25,0.60,0.97,1.50,1.87,2.12,2.57,2.82
2015-05-04,0.01,0.02,0.08,0.25,0.60,0.96,1.51,1.90,2.16,2.62,2.88
2015-05-05,0.01,0.01,0.08,0.24,0.62,1.00,1.54,1.92,2.19,2.64,2.90
2015-05-06,0.02,0.02,0.08,0.25,0.65,1.03,1.58,1.97,2.25,2.72,2.98
2015-05-07,0.01,0.01,0.08,0.24,0.63,1.02,1.55,1.93,2.18,2.63,2.90
2015-05-08,0.01,0.01,0.08,0.23,0.59,0.96,1.50,1.89,2.16,2.63,2.90
2015-05-11,0.02,0.02,0.09,0.25,0.62,1.02,1.59,2.00,2.28,2.76,3.03
2015-05-12,0.01,0.03,0.09,0.25,0.61,1.00,1.58,2.00,2.28,2.75,3.02
2015-05-13,0.02,0.02,0.09,0.24,0.59,0.97,1.57,2.00,2.27,2.79,3.07
2015-05-14,0.00,0.01,0.08,0.23,0.56,0.91,1.51,1.94,2.23,2.76,3.03
2015-05-15,0.02,0.02,0.09,0.23,0.55,0.90,1.46,1.87,2.14,2.66,2.93
2015-05-18,0.01,0.02,0.08,0.22,0.58,0.95,1.54,1.95,2.23,2.75,3.02
2015-05-19,0.02,0.02,0.07,0.23,0.63,1.01,1.60,2.01,2.27,2.79,3.05
2015-05-20,0.02,0.02,0.08,0.23,0.60,0.98,1.57,1.98,2.26,2.79,3.06
2015-05-21,0.02,0.02,0.07,0.22,0.60,0.95,1.53,1.92,2.19,2.71,2.98
2015-05-22,0.01,0.02,0.08,0.23,0.64,1.01,1.57,1.96,2.21,2.73,2.99
2015-05-25,ND,ND,ND,ND,ND,ND,ND,ND,ND,ND,ND
2015-05-26,0.01,0.02,0.09,0.24,0.64,0.99,1.54,1.90,2.14,2.64,2.89
2015-05-27,0.02,0.01,0.09,0.27,0.64,1.00,1.53,1.90,2.14,2.63,2.88
2015-05-28,0.01,0.01,0.08,0.26,0.62,0.97,1.51,1.89,2.13,2.64,2.89
2015-05-29,0.01,0.01,0.06,0.26,0.61,0.94,1.49,1.86,2.12,2.63,2.88
2015-06-01,0.02,0.02,0.07,0.26,0.64,0.99,1.55,1.93,2.19,2.69,2.94
2015-06-02,0.02,0.01,0.07,0.26,0.64,1.02,1.61,2.01,2.27,2.77,3.02
2015-06-03,0.02,0.02,0.07,0.26,0.69,1.07,1.69,2.12,2.38,2.87,3.11
2015-06-04,0.02,0.02,0.08,0.27,0.66,1.04,1.65,2.05,2.31,2.78,3.03
2015-06-05,0.02,0.03,0.08,0.29,0.73,1.13,1.75,2.16,2.41,2.87,3.11
2015-06-08,0.01,0.02,0.09,0.27,0.70,1.09,1.72,2.13,2.39,2.86,3.11
2015-06-09,0.01,0.02,0.08,0.27,0.72,1.12,1.74,2.16,2.42,2.89,3.15
2015-06-10,0.01,0.02,0.10,0.28,0.75,1.15,1.80,2.22,2.50,2.96,3.22
2015-06-11,0.01,0.01,0.10,0.28,0.73,1.12,1.74,2.14,2.39,2.84,3.11
2015-06-12,0.01,0.02,0.10,0.28,0.74,1.12,1.75,2.15,2.39,2.84,3.10
2015-06-15,0.00,0.02,0.11,0.28,0.72,1.10,1.71,2.11,2.36,2.83,3.09
2015-06-16,0.00,0.01,0.11,0.28,0.71,1.08,1.68,2.07,2.32,2.79,3.06
2015-06-17,0.00,0.01,0.10,0.27,0.67,1.03,1.63,2.05,2.32,2.82,3.09
2015-06-18,0.00,0.01,0.08,0.26,0.66,1.03,1.65,2.08,2.35,2.86,3.14
2015-06-19,0.00,0.01,0.05,0.25,0.65,0.99,1.59,1.99,2.26,2.76,3.05
2015-06-22,0.00,0.01,0.08,0.27,0.68,1.06,1.68,2.10,2.37,2.87,3.16
2015-06-23,0.00,0.01,0.09,0.30,0.70,1.07,1.71,2.14,2.42,2.92,3.20
2015-06-24,0.00,0.01,0.08,0.30,0.68,1.06,1.69,2.12,2.38,2.87,3.16
2015-06-25,0.00,0.01,0.07,0.29,0.68,1.06,1.70,2.14,2.40,2.88,3.16
2015-06-26,0.00,0.01,0.08,0.29,0.72,1.09,1.75,2.20,2.49,2.98,3.25
2015-06-29,0.00,0.02,0.11,0.27,0.64,1.00,1.62,2.05,2.33,2.82,3.09
2015-06-30,0.02,0.01,0.11,0.28,0.64,1.01,1.63,2.07,2.35,2.83,3.11
2015-07-01,0.01,0.01,0.13,0.28,0.69,1.08,1.70,2.14,2.43,2.92,3.20
2015-07-02,0.01,0.01,0.10,0.26,0.64,1.01,1.64,2.09,2.40,2.90,3.19
2015-07-03,ND,ND,ND,ND,ND,ND,ND,ND,ND,ND,ND
2015-07-06,0.01,0.02,0.09,0.26,0.60,0.95,1.56,2.00,2.30,2.78,3.08
2015-07-07,0.02,0.02,0.08,0.25,0.58,0.96,1.55,1.98,2.27,2.74,3.04
2015-07-08,0.02,0.02,0.08,0.24,0.55,0.91,1.50,1.92,2.22,2.69,2.99
2015-07-09,0.02,0.03,0.08,0.25,0.60,0.95,1.58,2.01,2.32,2.80,3.11
2015-07-10,0.01,0.01,0.09,0.28,0.65,1.04,1.68,2.12,2.42,2.91,3.20
2015-07-13,0.02,0.02,0.10,0.28,0.69,1.06,1.71,2.14,2.44,2.92,3.21
2015-07-14,0.03,0.01,0.10,0.27,0.66,1.03,1.67,2.10,2.41,2.90,3.20
2015-07-15,0.03,0.02,0.11,0.28,0.64,1.00,1.63,2.05,2.36,2.83,3.13
2015-07-16,0.03,0.02,0.10,0.29,0.67,1.05,1.66,2.07,2.36,2.81,3.11
2015-07-17,0.03,0.03,0.11,0.29,0.68,1.05,1.67,2.07,2.34,2.77,3.08
2015-07-20,0.03,0.04,0.14,0.31,0.71,1.09,1.72,2.11,2.38,2.79,3.10
2015-07-21,0.04,0.03,0.13,0.34,0.71,1.07,1.69,2.08,2.35,2.77,3.08
2015-07-22,0.04,0.04,0.13,0.34,0.75,1.08,1.69,2.07,2.33,2.73,3.04
2015-07-23,0.04,0.03,0.13,0.33,0.71,1.06,1.65,2.03,2.28,2.67,2.98
2015-07-24,0.04,0.04,0.14,0.32,0.70,1.04,1.64,2.02,2.27,2.67,2.96
2015-07-27,0.04,0.05,0.15,0.32,0.68,1.00,1.58,1.96,2.23,2.64,2.93
2015-07-28,0.05,0.05,0.14,0.32,0.69,1.03,1.61,1.99,2.26,2.66,2.96
2015-07-29,0.05,0.06,0.14,0.33,0.70,1.05,1.62,2.02,2.29,2.69,2.99
2015-07-30,0.05,0.07,0.15,0.36,0.72,1.07,1.62,2.02,2.28,2.66,2.96
2015-07-31,0.04,0.08,0.14,0.33,0.67,1.00,1.54,1.93,2.20,2.61,2.92
2015-08-03,0.03,0.08,0.17,0.33,0.68,0.99,1.52,1.89,2.16,2.55,2.86
2015-08-04,0.05,0.08,0.18,0.37,0.74,1.08,1.60,1.97,2.23,2.59,2.90
2015-08-05,0.05,0.08,0.19,0.38,0.73,1.10,1.65,2.02,2.28,2.64,2.94
2015-08-06,0.04,0.04,0.20,0.35,0.71,1.08,1.62,1.98,2.23,2.59,2.90
2015-08-07,0.03,0.06,0.23,0.38,0.73,1.08,1.59,1.93,2.18,2.52,2.83
2015-08-10,0.03,0.12,0.24,0.40,0.73,1.09,1.62,1.98,2.24,2.58,2.89
2015-08-11,0.06,0.10,0.23,0.37,0.68,1.03,1.53,1.89,2.15,2.50,2.81
2015-08-12,0.06,0.10,0.22,0.37,0.67,1.01,1.52,1.88,2.14,2.52,2.84
2015-08-13,0.06,0.10,0.24,0.40,0.72,1.06,1.58,1.94,2.19,2.54,2.86
2015-08-14,0.04,0.09,0.25,0.41,0.73,1.08,1.61,1.96,2.20,2.54,2.84
2015-08-17,0.03,0.10,0.24,0.40,0.72,1.07,1.58,1.92,2.16,2.51,2.81
2015-08-18,0.05,0.07,0.25,0.42,0.74,1.07,1.60,1.95,2.20,2.56,2.87
2015-08-19,0.05,0.05,0.22,0.39,0.67,0.98,1.50,1.85,2.12,2.49,2.81
2015-08-20,0.01,0.02,0.22,0.39,0.69,1.00,1.50,1.84,2.09,2.45,2.76
2015-08-21,0.02,0.03,0.21,0.36,0.64,0.95,1.44,1.79,2.05,2.44,2.74
2015-08-24,0.02,0.06,0.20,0.33,0.59,0.90,1.39,1.75,2.01,2.42,2.73
2015-08-25,0.04,0.07,0.19,0.36,0.67,0.98,1.48,1.86,2.12,2.54,2.84
2015-08-26,0.03,0.06,0.20,0.35,0.67,0.98,1.49,1.90,2.18,2.64,2.94
2015-08-27,0.02,0.06,0.22,0.36,0.68,0.99,1.49,1.91,2.18,2.61,2.93
2015-08-28,0.02,0.06,0.25,0.38,0.72,1.04,1.52,1.92,2.19,2.61,2.92
2015-08-31,0.00,0.08,0.27,0.39,0.74,1.07,1.54,1.94,2.21,2.64,2.95
2015-09-01,0.01,0.03,0.26,0.39,0.70,1.03,1.49,1.89,2.17,2.62,2.93
2015-09-02,0.01,0.03,0.25,0.37,0.72,1.04,1.52,1.92,2.20,2.66,2.97
2015-09-03,0.02,0.02,0.24,0.36,0.71,1.00,1.49,1.90,2.18,2.64,2.95
2015-09-04,0.02,0.02,0.23,0.36,0.71,1.00,1.47,1.85,2.13,2.58,2.89
2015-09-07,ND,ND,ND,ND,ND,ND,ND,ND,ND,ND,ND
2015-09-08,0.02,0.06,0.27,0.39,0.74,1.05,1.53,1.92,2.20,2.66,2.97
2015-09-09,0.02,0.03,0.26,0.39,0.75,1.06,1.53,1.91,2.21,2.64,2.96
2015-09-10,0.02,0.02,0.25,0.39,0.75,1.06,1.55,1.93,2.23,2.66,2.98
2015-09-11,0.04,0.04,0.25,0.40,0.71,1.03,1.52,1.89,2.20,2.63,2.95
2015-09-14,0.02,0.07,0.26,0.40,0.73,1.03,1.51,1.88,2.18,2.62,2.95
2015-09-15,0.00,0.07,0.27,0.47,0.82,1.12,1.61,1.99,2.28,2.73,3.06
2015-09-16,0.00,0.06,0.24,0.46,0.82,1.13,1.62,2.01,2.30,2.75,3.08
2015-09-17,0.00,0.01,0.16,0.39,0.70,1.00,1.50,1.90,2.21,2.69,3.02
2015-09-18,0.00,0.00,0.10,0.35,0.69,0.97,1.45,1.83,2.13,2.58,2.93
2015-09-21,0.00,0.01,0.11,0.36,0.72,1.01,1.51,1.90,2.20,2.67,3.02
2015-09-22,0.00,0.00,0.10,0.35,0.69,0.97,1.44,1.83,2.14,2.60,2.94
2015-09-23,0.00,0.01,0.09,0.34,0.70,1.00,1.47,1.85,2.16,2.60,2.95
2015-09-24,0.00,0.01,0.09,0.32,0.67,0.97,1.44,1.84,2.13,2.55,2.91
2015-09-25,0.00,0.00,0.07,0.35,0.70,1.00,1.48,1.87,2.17,2.60,2.96
2015-09-28,0.00,0.01,0.10,0.34,0.67,0.97,1.42,1.80,2.10,2.51,2.87
2015-09-29,0.00,0.01,0.09,0.33,0.64,0.92,1.37,1.74,2.05,2.48,2.85
2015-09-30,0.00,0.00,0.08,0.33,0.64,0.92,1.37,1.75,2.06,2.51,2.87
2015-10-01,0.00,0.00,0.08,0.31,0.64,0.92,1.37,1.75,2.05,2.49,2.85
2015-10-02,0.00,0.00,0.06,0.25,0.58,0.85,1.29,1.67,1.99,2.44,2.82
2015-10-05,0.00,0.01,0.06,0.26,0.61,0.89,1.35,1.74,2.07,2.52,2.90
2015-10-06,0.00,0.00,0.07,0.26,0.61,0.90,1.34,1.72,2.05,2.50,2.88
2015-10-07,0.00,0.00,0.08,0.27,0.65,0.92,1.37,1.75,2.08,2.51,2.89
2015-10-08,0.00,0.00,0.07,0.27,0.65,0.93,1.40,1.79,2.12,2.56,2.96
2015-10-09,0.01,0.01,0.07,0.28,0.65,0.96,1.41,1.80,2.12,2.55,2.94
2015-10-12,ND,ND,ND,ND,ND,ND,ND,ND,ND,ND,ND
2015-10-13,0.00,0.01,0.08,0.27,0.64,0.92,1.36,1.74,2.06,2.49,2.89
2015-10-14,0.00,0.00,0.08,0.21,0.57,0.84,1.29,1.66,1.99,2.42,2.84
2015-10-15,0.00,0.01,0.08,0.22,0.61,0.90,1.34,1.72,2.04,2.46,2.87
2015-10-16,0.03,0.01,0.07,0.23,0.61,0.91,1.36,1.73,2.04,2.46,2.87
2015-10-19,0.06,0.02,0.12,0.23,0.61,0.89,1.35,1.73,2.04,2.48,2.89
2015-10-20,0.08,0.02,0.12,0.23,0.66,0.93,1.40,1.78,2.08,2.53,2.92
2015-10-21,0.01,0.01,0.12,0.23,0.64,0.91,1.37,1.74,2.04,2.48,2.87
2015-10-22,0.02,0.00,0.11,0.23,0.61,0.89,1.36,1.74,2.04,2.48,2.87
2015-10-23,0.01,0.01,0.13,0.24,0.66,0.94,1.43,1.81,2.09,2.54,2.90
2015-10-26,0.01,0.02,0.16,0.25,0.66,0.94,1.41,1.78,2.07,2.50,2.87
2015-10-27,0.01,0.03,0.18,0.29,0.65,0.92,1.38,1.75,2.05,2.48,2.86
2015-10-28,0.03,0.04,0.21,0.33,0.73,1.00,1.47,1.83,2.10,2.50,2.87
2015-10-29,0.02,0.07,0.21,0.33,0.75,1.05,1.53,1.90,2.19,2.60,2.96
2015-10-30,0.01,0.08,0.23,0.34,0.75,1.05,1.52,1.88,2.16,2.57,2.93
2015-11-02,0.01,0.08,0.27,0.37,0.77,1.08,1.57,1.93,2.20,2.60,2.95
2015-11-03,0.07,0.06,0.26,0.39,0.80,1.10,1.59,1.96,2.23,2.65,3.00
2015-11-04,0.07,0.05,0.27,0.40,0.84,1.16,1.64,1.99,2.25,2.66,3.00
2015-11-05,0.04,0.05,0.27,0.42,0.85,1.16,1.65,2.00,2.26,2.68,3.01
2015-11-06,0.04,0.08,0.32,0.47,0.90,1.23,1.73,2.09,2.34,2.76,3.09
2015-11-09,0.06,0.14,0.34,0.47,0.89,1.27,1.75,2.11,2.36,2.79,3.12
2015-11-10,0.08,0.13,0.34,0.51,0.87,1.22,1.72,2.08,2.32,2.76,3.10
2015-11-11,ND,ND,ND,ND,ND,ND,ND,ND,ND,ND,ND
2015-11-12,0.08,0.14,0.35,0.51,0.89,1.24,1.73,2.09,2.32,2.75,3.09
2015-11-13,0.03,0.14,0.31,0.50,0.86,1.20,1.67,2.05,2.28,2.72,3.06
2015-11-16,0.05,0.15,0.33,0.50,0.88,1.18,1.66,2.02,2.27,2.72,3.07
2015-11-17,0.07,0.14,0.34,0.50,0.86,1.18,1.66,2.02,2.25,2.69,3.04
2015-11-18,0.07,0.12,0.31,0.49,0.90,1.21,1.69,2.04,2.27,2.70,3.04
2015-11-19,0.06,0.11,0.31,0.49,0.91,1.21,1.68,2.02,2.24,2.66,3.00
2015-11-20,0.05,0.12,0.31,0.49,0.93,1.23,1.70,2.04,2.26,2.68,3.02
2015-11-23,0.06,0.14,0.35,0.50,0.94,1.26,1.70,2.03,2.25,2.66,3.00
2015-11-24,0.13,0.16,0.36,0.52,0.93,1.23,1.66,2.01,2.24,2.65,3.00
2015-11-25,0.14,0.19,0.39,0.52,0.93,1.25,1.66,2.01,2.23,2.64,3.00
2015-11-26,ND,ND,ND,ND,ND,ND,ND,ND,ND,ND,ND
2015-11-27,0.13,0.18,0.38,0.50,0.92,1.23,1.64,1.99,2.22,2.64,3.00
2015-11-30,0.11,0.22,0.42,0.51,0.94,1.24,1.65,1.99,2.21,2.63,2.98
2015-12-01,0.19,0.21,0.42,0.51,0.91,1.19,1.59,1.93,2.15,2.55,2.91
2015-12-02,0.19,0.21,0.42,0.52,0.94,1.23,1.63,1.97,2.18,2.55,2.91
2015-12-03,0.18,0.21,0.45,0.57,0.96,1.27,1.74,2.10,2.33,2.72,3.07
2015-12-04,0.17,0.23,0.49,0.60,0.96,1.25,1.71,2.06,2.28,2.65,3.01
2015-12-07,0.21,0.29,0.57,0.67,0.94,1.24,1.67,2.02,2.23,2.59,2.95
2015-12-08,0.23,0.27,0.58,0.76,0.94,1.25,1.68,2.02,2.24,2.61,2.97
2015-12-09,0.19,0.26,0.53,0.72,0.93,1.22,1.64,1.99,2.22,2.59,2.97
2015-12-10,0.19,0.24,0.55,0.71,0.95,1.25,1.68,2.03,2.24,2.60,2.98
2015-12-11,0.15,0.23,0.52,0.68,0.88,1.16,1.56,1.91,2.13,2.49,2.87
2015-12-14,0.13,0.26,0.54,0.68,0.97,1.25,1.66,2.02,2.23,2.59,2.96
2015-12-15,0.21,0.25,0.54,0.69,0.98,1.29,1.71,2.06,2.28,2.62,3.00
2015-12-16,0.20,0.27,0.51,0.70,1.02,1.35,1.75,2.11,2.30,2.65,3.02
2015-12-17,0.18,0.23,0.48,0.69,1.00,1.33,1.73,2.05,2.24,2.57,2.94
2015-12-18,0.16,0.19,0.47,0.67,0.97,1.27,1.67,2.00,2.19,2.54,2.90
2015-12-21,0.14,0.24,0.51,0.64,0.96,1.28,1.67,2.00,2.20,2.55,2.92
2015-12-22,0.19,0.21,0.47,0.66,0.99,1.31,1.71,2.04,2.24,2.60,2.96
2015-12-23,0.19,0.20,0.47,0.65,1.01,1.32,1.74,2.07,2.27,2.64,3.00
2015-12-24,0.15,0.20,0.49,0.64,1.03,1.33,1.73,2.06,2.25,2.61,2.96
2015-12-25,ND,ND,ND,ND,ND,ND,ND,ND,ND,ND,ND
2015-12-28,0.13,0.23,0.51,0.66,1.05,1.33,1.73,2.05,2.24,2.59,2.95
2015-12-29,0.18,0.23,0.50,0.67,1.09,1.38,1.81,2.12,2.32,2.69,3.04
2015-12-30,0.08,0.21,0.47,0.64,1.08,1.36,1.80,2.14,2.31,2.69,3.04
2015-12-31,0.14,0.16,0.49,0.65,1.06,1.31,1.76,2.09,2.27,2.67,3.01
2016-01-01,ND,ND,ND,ND,ND,ND,ND,ND,ND,ND,ND
2016-01-04,0.17,0.22,0.49,0.61,1.02,1.31,1.73,2.06,2.24,2.64,2.98
2016-01-05,0.20,0.20,0.49,0.68,1.04,1.32,1.73,2.06,2.25,2.67,3.01
2016-01-06,0.21,0.21,0.47,0.67,0.99,1.26,1.65,1.98,2.18,2.59,2.94
2016-01-07,0.20,0.20,0.46,0.66,0.96,1.22,1.61,1.94,2.16,2.56,2.92
2016-01-08,0.20,0.20,0.45,0.64,0.94,1.20,1.57,1.91,2.13,2.55,2.91
2016-01-11,0.19,0.21,0.48,0.63,0.94,1.20,1.58,1.94,2.17,2.59,2.96
2016-01-12,0.22,0.21,0.47,0.62,0.93,1.18,1.55,1.88,2.12,2.51,2.89
2016-01-13,0.22,0.22,0.46,0.60,0.91,1.15,1.51,1.85,2.08,2.47,2.85
2016-01-14,0.22,0.25,0.43,0.55,0.90,1.14,1.52,1.87,2.10,2.51,2.90
2016-01-15,0.19,0.24,0.37,0.49,0.85,1.08,1.46,1.79,2.03,2.44,2.81
2016-01-18,ND,ND,ND,ND,ND,ND,ND,ND,ND,ND,ND
2016-01-19,0.21,0.26,0.37,0.48,0.88,1.11,1.49,1.82,2.06,2.45,2.82
2016-01-20,0.26,0.26,0.35,0.43,0.85,1.06,1.44,1.76,2.01,2.41,2.77
2016-01-21,0.27,0.28,0.38,0.44,0.84,1.06,1.44,1.77,2.02,2.42,2.79
2016-01-22,0.26,0.31,0.41,0.47,0.88,1.11,1.49,1.81,2.07,2.46,2.83
2016-01-25,0.25,0.31,0.42,0.47,0.88,1.10,1.47,1.79,2.03,2.42,2.80
2016-01-26,0.29,0.31,0.45,0.47,0.85,1.07,1.45,1.76,2.01,2.41,2.79
2016-01-27,0.28,0.32,0.43,0.47,0.84,1.07,1.43,1.76,2.02,2.42,2.80
2016-01-28,0.26,0.35,0.45,0.47,0.83,1.05,1.40,1.75,2.00,2.41,2.79
2016-01-29,0.22,0.33,0.43,0.47,0.76,0.97,1.33,1.67,1.94,2.36,2.75
2016-02-01,0.19,0.35,0.47,0.47,0.81,1.01,1.38,1.72,1.97,2.38,2.77
2016-02-02,0.26,0.34,0.47,0.54,0.75,0.93,1.28,1.61,1.87,2.27,2.67
2016-02-03,0.27,0.33,0.46,0.54,0.72,0.91,1.27,1.61,1.88,2.30,2.70
2016-02-04,0.24,0.29,0.43,0.52,0.70,0.90,1.25,1.60,1.87,2.29,2.70
2016-02-05,0.23,0.30,0.45,0.55,0.74,0.91,1.25,1.58,1.86,2.27,2.68
2016-02-08,0.21,0.32,0.42,0.51,0.66,0.83,1.16,1.48,1.75,2.17,2.56
2016-02-09,0.27,0.30,0.43,0.52,0.69,0.85,1.15,1.47,1.74,2.16,2.55
2016-02-10,0.27,0.31,0.42,0.52,0.71,0.85,1.15,1.46,1.71,2.13,2.53
2016-02-11,0.27,0.28,0.39,0.47,0.64,0.81,1.11,1.39,1.63,2.06,2.50
2016-02-12,0.26,0.30,0.39,0.51,0.71,0.89,1.20,1.50,1.74,2.15,2.60
2016-02-15,ND,ND,ND,ND,ND,ND,ND,ND,ND,ND,ND
2016-02-16,0.23,0.30,0.42,0.51,0.74,0.91,1.23,1.53,1.78,2.19,2.64
2016-02-17,0.28,0.30,0.43,0.53,0.74,0.93,1.26,1.57,1.81,2.24,2.68
2016-02-18,0.28,0.30,0.45,0.53,0.71,0.88,1.21,1.51,1.75,2.17,2.62
2016-02-19,0.26,0.31,0.46,0.53,0.76,0.91,1.24,1.53,1.76,2.17,2.61
2016-02-22,0.28,0.33,0.46,0.55,0.78,0.92,1.25,1.54,1.77,2.18,2.62
2016-02-23,0.28,0.32,0.47,0.55,0.76,0.90,1.23,1.51,1.74,2.16,2.60
2016-02-24,0.28,0.33,0.46,0.55,0.75,0.90,1.21,1.52,1.75,2.16,2.61
2016-02-25,0.27,0.32,0.46,0.56,0.72,0.85,1.16,1.47,1.71,2.14,2.58
2016-02-26,0.26,0.33,0.47,0.60,0.80,0.93,1.23,1.55,1.76,2.20,2.63
2016-02-29,0.23,0.33,0.49,0.62,0.78,0.91,1.22,1.52,1.74,2.19,2.61
2016-03-01,0.29,0.33,0.50,0.68,0.85,0.98,1.31,1.62,1.83,2.28,2.70
2016-03-02,0.28,0.36,0.48,0.67,0.85,1.00,1.34,1.65,1.84,2.27,2.69
2016-03-03,0.25,0.28,0.46,0.65,0.85,0.99,1.33,1.63,1.83,2.23,2.65
2016-03-04,0.25,0.29,0.47,0.67,0.88,1.04,1.38,1.69,1.88,2.29,2.70
2016-03-07,0.27,0.32,0.49,0.67,0.91,1.08,1.42,1.72,1.91,2.30,2.71
2016-03-08,0.27,0.29,0.48,0.68,0.88,1.04,1.34,1.64,1.83,2.22,2.63
2016-03-09,0.27,0.30,0.47,0.68,0.90,1.07,1.39,1.69,1.90,2.27,2.68
2016-03-10,0.27,0.32,0.50,0.69,0.93,1.11,1.45,1.75,1.93,2.29,2.70
2016-03-11,0.27,0.33,0.51,0.70,0.97,1.16,1.49,1.79,1.98,2.34,2.75
2016-03-14,0.28,0.34,0.52,0.70,0.97,1.15,1.49,1.78,1.97,2.33,2.74
2016-03-15,0.29,0.34,0.52,0.71,0.98,1.16,1.50,1.78,1.97,2.33,2.73
2016-03-16,0.28,0.31,0.47,0.66,0.87,1.05,1.41,1.72,1.94,2.32,2.73
2016-03-17,0.29,0.29,0.47,0.64,0.87,1.04,1.39,1.70,1.91,2.28,2.69
2016-03-18,0.27,0.30,0.44,0.62,0.84,1.00,1.34,1.66,1.88,2.26,2.68
2016-03-21,0.26,0.31,0.46,0.63,0.87,1.05,1.38,1.70,1.92,2.31,2.72
2016-03-22,0.28,0.30,0.46,0.64,0.91,1.08,1.42,1.74,1.94,2.32,2.72
2016-03-23,0.27,0.30,0.46,0.64,0.87,1.03,1.37,1.67,1.88,2.25,2.65
2016-03-24,0.24,0.30,0.46,0.63,0.89,1.05,1.39,1.70,1.91,2.28,2.67
2016-03-25,ND,ND,ND,ND,ND,ND,ND,ND,ND,ND,ND
2016-03-28,0.19,0.29,0.49,0.65,0.89,1.04,1.37,1.68,1.89,2.26,2.66
2016-03-29,0.18,0.23,0.45,0.63,0.78,0.94,1.29,1.59,1.81,2.20,2.60
2016-03-30,0.14,0.20,0.39,0.61,0.76,0.91,1.26,1.60,1.83,2.24,2.65
2016-03-31,0.18,0.21,0.39,0.59,0.73,0.87,1.21,1.54,1.78,2.20,2.61
2016-04-01,0.20,0.23,0.40,0.62,0.76,0.90,1.24,1.56,1.79,2.20,2.62
2016-04-04,0.18,0.23,0.38,0.59,0.75,0.88,1.22,1.53,1.78,2.19,2.60
2016-04-05,0.19,0.23,0.36,0.56,0.72,0.85,1.17,1.49,1.73,2.13,2.54
2016-04-06,0.19,0.23,0.36,0.55,0.73,0.88,1.20,1.52,1.76,2.17,2.58
2016-04-07,0.20,0.23,0.36,0.52,0.70,0.83,1.14,1.46,1.70,2.10,2.52
2016-04-08,0.20,0.23,0.34,0.54,0.70,0.84,1.16,1.47,1.72,2.13,2.55
2016-04-11,0.19,0.23,0.34,0.53,0.70,0.85,1.16,1.48,1.73,2.14,2.56
2016-04-12,0.21,0.22,0.34,0.54,0.74,0.90,1.22,1.54,1.79,2.18,2.61
2016-04-13,0.21,0.23,0.36,0.55,0.75,0.90,1.22,1.53,1.77,2.16,2.58
2016-04-14,0.21,0.22,0.37,0.55,0.77,0.92,1.26,1.57,1.80,2.18,2.61
2016-04-15,0.19,0.22,0.37,0.53,0.74,0.87,1.22,1.52,1.76,2.14,2.56
2016-04-18,0.16,0.22,0.35,0.52,0.75,0.90,1.24,1.54,1.78,2.17,2.58
2016-04-19,0.18,0.21,0.36,0.53,0.77,0.92,1.26,1.57,1.79,2.19,2.60
2016-04-20,0.18,0.23,0.36,0.54,0.80,0.97,1.32,1.63,1.85,2.25,2.66
2016-04-21,0.19,0.23,0.37,0.56,0.82,0.98,1.35,1.65,1.88,2.29,2.69
2016-04-22,0.19,0.23,0.38,0.56,0.84,1.01,1.37,1.67,1.89,2.30,2.70
2016-04-25,0.17,0.25,0.40,0.57,0.85,1.01,1.38,1.69,1.91,2.32,2.72
2016-04-26,0.19,0.24,0.43,0.61,0.86,1.04,1.40,1.72,1.94,2.35,2.76
2016-04-27,0.18,0.24,0.40,0.58,0.83,0.99,1.33,1.64,1.87,2.30,2.71
2016-04-28,0.17,0.22,0.39,0.56,0.78,0.93,1.28,1.60,1.84,2.27,2.68
2016-04-29,0.16,0.22,0.40,0.56,0.77,0.92,1.28,1.60,1.83,2.26,2.66
2016-05-02,0.11,0.22,0.41,0.55,0.80,0.96,1.32,1.64,1.88,2.31,2.71
2016-05-03,0.18,0.21,0.40,0.53,0.75,0.92,1.25,1.57,1.81,2.24,2.66
2016-05-04,0.18,0.19,0.39,0.52,0.75,0.89,1.23,1.55,1.79,2.22,2.64
2016-05-05,0.20,0.20,0.39,0.51,0.72,0.87,1.20,1.52,1.76,2.17,2.60
2016-05-06,0.20,0.19,0.39,0.51,0.74,0.90,1.23,1.55,1.79,2.20,2.62
2016-05-09,0.21,0.24,0.38,0.51,0.72,0.86,1.20,1.51,1.77,2.18,2.61
2016-05-10,0.25,0.24,0.36,0.52,0.72,0.88,1.20,1.52,1.77,2.18,2.61
2016-05-11,0.25,0.26,0.37,0.53,0.74,0.87,1.20,1.51,1.73,2.15,2.58
2016-05-12,0.25,0.27,0.37,0.54,0.76,0.92,1.24,1.54,1.75,2.18,2.60
2016-05-13,0.25,0.29,0.38,0.55,0.76,0.91,1.22,1.51,1.71,2.14,2.55
2016-05-16,0.21,0.28,0.38,0.57,0.79,0.94,1.26,1.55,1.75,2.18,2.59
2016-05-17,0.25,0.28,0.40,0.58,0.82,0.97,1.29,1.57,1.76,2.18,2.59
2016-05-18,0.25,0.30,0.43,0.63,0.90,1.08,1.41,1.69,1.87,2.27,2.67
2016-05-19,0.25,0.31,0.43,0.64,0.89,1.06,1.38,1.67,1.85,2.24,2.64
2016-05-20,0.26,0.33,0.46,0.67,0.89,1.05,1.38,1.65,1.85,2.24,2.63
2016-05-23,0.26,0.35,0.48,0.69,0.91,1.05,1.38,1.65,1.84,2.23,2.63
2016-05-24,0.28,0.35,0.48,0.69,0.92,1.08,1.41,1.68,1.86,2.25,2.65
2016-05-25,0.24,0.33,0.47,0.67,0.92,1.08,1.40,1.69,1.87,2.27,2.67
2016-05-26,0.17,0.31,0.46,0.65,0.87,1.03,1.35,1.65,1.83,2.24,2.64
2016-05-27,0.23,0.32,0.47,0.68,0.90,1.06,1.39,1.67,1.85,2.25,2.65
2016-05-30,ND,ND,ND,ND,ND,ND,ND,ND,ND,ND,ND
2016-05-31,0.27,0.34,0.49,0.68,0.87,1.03,1.37,1.66,1.84,2.23,2.64
2016-06-01,0.27,0.30,0.49,0.70,0.91,1.07,1.39,1.67,1.85,2.22,2.63
2016-06-02,0.19,0.29,0.48,0.68,0.89,1.03,1.36,1.63,1.81,2.17,2.58
2016-06-03,0.19,0.30,0.43,0.60,0.78,0.92,1.23,1.50,1.71,2.09,2.52
2016-06-06,0.19,0.28,0.43,0.60,0.80,0.94,1.25,1.53,1.73,2.12,2.55
2016-06-07,0.20,0.28,0.43,0.59,0.78,0.94,1.23,1.51,1.72,2.10,2.54
2016-06-08,0.20,0.24,0.43,0.60,0.78,0.93,1.23,1.51,1.71,2.08,2.51
2016-06-09,0.21,0.26,0.43,0.59,0.77,0.91,1.22,1.49,1.68,2.05,2.48
2016-06-10,0.18,0.26,0.42,0.57,0.73,0.87,1.17,1.44,1.64,2.02,2.44
2016-06-13,0.23,0.27,0.40,0.55,0.73,0.84,1.14,1.42,1.62,2.01,2.43
2016-06-14,0.24,0.27,0.41,0.55,0.74,0.85,1.15,1.42,1.62,2.00,2.43
2016-06-15,0.23,0.26,0.37,0.52,0.69,0.81,1.10,1.38,1.60,1.99,2.43
2016-06-16,0.23,0.27,0.36,0.53,0.70,0.81,1.10,1.37,1.57,1.96,2.39
2016-06-17,0.22,0.27,0.37,0.51,0.70,0.83,1.13,1.41,1.62,1.99,2.43
2016-06-20,0.23,0.28,0.41,0.56,0.74,0.87,1.17,1.45,1.67,2.03,2.47
2016-06-21,0.25,0.27,0.41,0.57,0.76,0.89,1.22,1.49,1.71,2.07,2.50
2016-06-22,0.25,0.27,0.40,0.56,0.75,0.88,1.20,1.49,1.69,2.06,2.50
2016-06-23,0.27,0.31,0.43,0.58,0.78,0.92,1.25,1.54,1.74,2.12,2.55
2016-06-24,0.24,0.27,0.38,0.48,0.64,0.76,1.08,1.35,1.57,1.96,2.42
2016-06-27,0.22,0.27,0.35,0.45,0.61,0.70,1.00,1.26,1.46,1.83,2.28
2016-06-28,0.25,0.26,0.35,0.45,0.61,0.71,1.00,1.26,1.46,1.83,2.27
2016-06-29,0.18,0.26,0.35,0.46,0.62,0.74,1.03,1.30,1.50,1.86,2.30
2016-06-30,0.20,0.26,0.36,0.45,0.58,0.71,1.01,1.29,1.49,1.86,2.30
2016-07-01,0.24,0.28,0.37,0.45,0.59,0.71,1.00,1.27,1.46,1.81,2.24
2016-07-04,ND,ND,ND,ND,ND,ND,ND,ND,ND,ND,ND
2016-07-05,0.27,0.28,0.35,0.44,0.56,0.66,0.94,1.19,1.37,1.72,2.14
2016-07-06,0.26,0.27,0.36,0.46,0.58,0.69,0.95,1.20,1.38,1.72,2.14
2016-07-07,0.27,0.29,0.37,0.47,0.58,0.69,0.97,1.21,1.40,1.72,2.14
2016-07-08,0.26,0.28,0.36,0.48,0.61,0.71,0.95,1.19,1.37,1.69,2.11
2016-07-11,0.28,0.31,0.40,0.50,0.66,0.77,1.03,1.27,1.43,1.73,2.14
2016-07-12,0.29,0.29,0.40,0.52,0.69,0.81,1.10,1.35,1.53,1.82,2.24
2016-07-13,0.29,0.31,0.40,0.51,0.68,0.80,1.07,1.32,1.48,1.77,2.18
2016-07-14,0.29,0.32,0.41,0.53,0.68,0.82,1.10,1.36,1.53,1.84,2.25
2016-07-15,0.27,0.32,0.42,0.52,0.71,0.87,1.15,1.42,1.60,1.90,2.30
2016-07-18,0.26,0.32,0.44,0.52,0.68,0.85,1.14,1.40,1.59,1.90,2.30
2016-07-19,0.29,0.31,0.44,0.56,0.70,0.84,1.12,1.38,1.56,1.88,2.27
2016-07-20,0.28,0.32,0.44,0.56,0.73,0.86,1.15,1.41,1.59,1.91,2.30
2016-07-21,0.28,0.32,0.44,0.54,0.70,0.82,1.11,1.38,1.57,1.90,2.29
2016-07-22,0.29,0.33,0.44,0.55,0.71,0.84,1.13,1.40,1.57,1.90,2.29
2016-07-25,0.28,0.32,0.44,0.55,0.72,0.87,1.15,1.41,1.58,1.90,2.29
2016-07-26,0.24,0.31,0.43,0.55,0.75,0.87,1.15,1.40,1.57,1.89,2.28
2016-07-27,0.25,0.31,0.40,0.53,0.73,0.83,1.10,1.35,1.52,1.84,2.23
2016-07-28,0.19,0.25,0.39,0.53,0.72,0.82,1.09,1.35,1.52,1.83,2.23
2016-07-29,0.19,0.28,0.38,0.50,0.67,0.76,1.03,1.29,1.46,1.78,2.18
2016-08-01,0.20,0.29,0.40,0.50,0.67,0.78,1.06,1.33,1.51,1.84,2.24
2016-08-02,0.28,0.29,0.41,0.50,0.67,0.79,1.07,1.36,1.55,1.88,2.29
2016-08-03,0.26,0.28,0.42,0.53,0.67,0.78,1.07,1.35,1.55,1.88,2.29
2016-08-04,0.24,0.26,0.41,0.51,0.64,0.76,1.03,1.31,1.51,1.84,2.25
2016-08-05,0.23,0.28,0.45,0.56,0.72,0.86,1.13,1.41,1.59,1.91,2.32
2016-08-08,0.27,0.31,0.45,0.57,0.74,0.86,1.15,1.42,1.59,1.91,2.30
2016-08-09,0.27,0.29,0.44,0.55,0.71,0.84,1.11,1.38,1.55,1.86,2.25
2016-08-10,0.27,0.28,0.43,0.55,0.69,0.80,1.07,1.34,1.50,1.83,2.23
2016-08-11,0.27,0.28,0.45,0.55,0.76,0.88,1.16,1.42,1.57,1.89,2.28
2016-08-12,0.27,0.29,0.43,0.56,0.71,0.82,1.10,1.36,1.51,1.85,2.23
2016-08-15,0.26,0.31,0.46,0.56,0.72,0.85,1.14,1.40,1.55,1.90,2.27
2016-08-16,0.27,0.27,0.45,0.57,0.76,0.87,1.16,1.42,1.57,1.92,2.29
2016-08-17,0.27,0.30,0.46,0.58,0.74,0.86,1.15,1.41,1.56,1.90,2.27
2016-08-18,0.27,0.30,0.44,0.58,0.71,0.81,1.12,1.38,1.53,1.89,2.26
2016-08-19,0.27,0.30,0.44,0.59,0.76,0.88,1.17,1.43,1.58,1.93,2.29
2016-08-22,0.24,0.29,0.45,0.58,0.76,0.86,1.15,1.40,1.55,1.88,2.24
2016-08-23,0.28,0.30,0.45,0.58,0.74,0.86,1.15,1.40,1.55,1.88,2.24
2016-08-24,0.28,0.31,0.46,0.59,0.76,0.87,1.13,1.40,1.56,1.89,2.24
2016-08-25,0.28,0.33,0.46,0.60,0.78,0.89,1.16,1.43,1.58,1.91,2.27
2016-08-26,0.28,0.34,0.47,0.62,0.84,0.96,1.23,1.49,1.62,1.96,2.29
2016-08-29,0.25,0.33,0.49,0.62,0.81,0.92,1.18,1.43,1.57,1.90,2.22
2016-08-30,0.23,0.33,0.47,0.61,0.80,0.92,1.18,1.44,1.57,1.91,2.23
2016-08-31,0.26,0.33,0.47,0.61,0.80,0.92,1.19,1.45,1.58,1.90,2.23
2016-09-01,0.27,0.33,0.47,0.60,0.78,0.91,1.18,1.44,1.57,1.90,2.23
2016-09-02,0.25,0.33,0.45,0.59,0.80,0.92,1.20,1.47,1.60,1.95,2.28
2016-09-05,ND,ND,ND,ND,ND,ND,ND,ND,ND,ND,ND
2016-09-06,0.24,0.32,0.45,0.56,0.74,0.86,1.13,1.40,1.55,1.90,2.24
2016-09-07,0.25,0.34,0.49,0.57,0.74,0.86,1.12,1.39,1.54,1.89,2.23
2016-09-08,0.26,0.35,0.50,0.57,0.78,0.91,1.19,1.46,1.61,1.98,2.32
2016-09-09,0.24,0.35,0.51,0.58,0.79,0.93,1.23,1.51,1.67,2.05,2.39
2016-09-12,0.24,0.37,0.53,0.57,0.79,0.92,1.21,1.50,1.68,2.05,2.40
2016-09-13,0.25,0.36,0.54,0.63,0.80,0.95,1.26,1.56,1.73,2.12,2.47
2016-09-14,0.24,0.33,0.52,0.62,0.77,0.90,1.21,1.52,1.70,2.10,2.44
2016-09-15,0.20,0.29,0.49,0.60,0.74,0.87,1.20,1.51,1.71,2.13,2.48
2016-09-16,0.20,0.30,0.50,0.61,0.77,0.91,1.21,1.51,1.70,2.10,2.44
2016-09-19,0.16,0.30,0.48,0.60,0.79,0.92,1.22,1.52,1.70,2.10,2.45
2016-09-20,0.17,0.30,0.49,0.61,0.79,0.93,1.20,1.50,1.69,2.09,2.43
2016-09-21,0.12,0.22,0.44,0.61,0.79,0.92,1.20,1.48,1.66,2.06,2.39
2016-09-22,0.10,0.18,0.39,0.60,0.79,0.91,1.18,1.46,1.63,2.02,2.34
2016-09-23,0.09,0.18,0.40,0.60,0.77,0.90,1.16,1.44,1.62,2.02,2.34
2016-09-26,0.12,0.25,0.42,0.58,0.76,0.87,1.13,1.41,1.59,2.00,2.32
2016-09-27,0.16,0.26,0.42,0.58,0.75,0.86,1.12,1.39,1.56,1.96,2.28
2016-09-28,0.14,0.27,0.44,0.60,0.75,0.87,1.13,1.41,1.57,1.96,2.29
2016-09-29,0.12,0.26,0.43,0.59,0.73,0.85,1.12,1.39,1.56,1.95,2.28
2016-09-30,0.20,0.29,0.45,0.59,0.77,0.88,1.14,1.42,1.60,1.99,2.32
2016-10-03,0.25,0.32,0.48,0.63,0.80,0.91,1.18,1.46,1.63,2.01,2.34
2016-10-04,0.28,0.33,0.48,0.64,0.82,0.95,1.22,1.51,1.69,2.08,2.40
2016-10-05,0.26,0.32,0.48,0.65,0.85,0.98,1.26,1.54,1.72,2.11,2.44
2016-10-06,0.26,0.33,0.46,0.65,0.86,1.00,1.28,1.58,1.75,2.14,2.46
2016-10-07,0.26,0.33,0.46,0.66,0.83,0.99,1.26,1.55,1.73,2.14,2.46
2016-10-10,ND,ND,ND,ND,ND,ND,ND,ND,ND,ND,ND
2016-10-11,0.27,0.35,0.48,0.69,0.87,1.03,1.30,1.58,1.77,2.17,2.50
2016-10-12,0.26,0.37,0.49,0.68,0.87,0.99,1.31,1.60,1.79,2.19,2.51
2016-10-13,0.26,0.30,0.45,0.66,0.85,1.00,1.27,1.56,1.75,2.15,2.48
2016-10-14,0.26,0.32,0.46,0.66,0.84,1.00,1.28,1.58,1.80,2.22,2.55
2016-10-17,0.24,0.34,0.47,0.65,0.81,0.98,1.26,1.56,1.77,2.19,2.52
2016-10-18,0.26,0.34,0.47,0.66,0.82,0.96,1.24,1.54,1.75,2.18,2.51
2016-10-19,0.25,0.35,0.48,0.65,0.81,0.96,1.24,1.54,1.76,2.18,2.51
2016-10-20,0.25,0.35,0.48,0.66,0.84,0.98,1.26,1.55,1.76,2.17,2.50
2016-10-21,0.25,0.34,0.47,0.66,0.84,0.98,1.25,1.53,1.74,2.15,2.48
2016-10-24,0.23,0.33,0.46,0.66,0.84,1.00,1.27,1.56,1.77,2.18,2.52
2016-10-25,0.22,0.34,0.49,0.66,0.86,1.00,1.29,1.56,1.77,2.17,2.50
2016-10-26,0.25,0.33,0.49,0.67,0.86,1.01,1.30,1.59,1.79,2.20,2.53
2016-10-27,0.19,0.30,0.49,0.68,0.87,1.04,1.33,1.64,1.85,2.26,2.60
2016-10-28,0.18,0.30,0.49,0.66,0.86,1.02,1.33,1.63,1.86,2.27,2.62
2016-10-31,0.20,0.34,0.51,0.66,0.86,1.00,1.31,1.62,1.84,2.25,2.58
2016-11-01,0.24,0.35,0.50,0.65,0.83,0.99,1.30,1.61,1.83,2.24,2.58
2016-11-02,0.24,0.37,0.51,0.64,0.81,0.98,1.26,1.57,1.81,2.22,2.56
2016-11-03,0.24,0.38,0.52,0.64,0.81,0.98,1.26,1.58,1.82,2.25,2.60
2016-11-04,0.25,0.38,0.52,0.62,0.80,0.95,1.24,1.55,1.79,2.22,2.56
2016-11-07,0.28,0.41,0.54,0.63,0.82,0.99,1.29,1.60,1.83,2.26,2.60
2016-11-08,0.28,0.43,0.56,0.71,0.87,1.04,1.34,1.65,1.88,2.29,2.63
2016-11-09,0.30,0.45,0.56,0.72,0.90,1.12,1.49,1.84,2.07,2.52,2.88
2016-11-10,0.30,0.48,0.59,0.72,0.92,1.17,1.56,1.92,2.15,2.58,2.94
2016-11-11,ND,ND,ND,ND,ND,ND,ND,ND,ND,ND,ND
2016-11-14,0.32,0.55,0.65,0.77,1.00,1.27,1.66,2.01,2.23,2.65,2.99
2016-11-15,0.30,0.51,0.61,0.78,1.02,1.28,1.68,2.03,2.23,2.64,2.97
2016-11-16,0.32,0.47,0.62,0.76,1.00,1.28,1.68,2.03,2.22,2.61,2.92
2016-11-17,0.30,0.44,0.61,0.77,1.04,1.31,1.73,2.08,2.29,2.69,3.01
2016-11-18,0.28,0.44,0.60,0.77,1.07,1.36,1.80,2.14,2.34,2.70,3.01
2016-11-21,0.28,0.46,0.60,0.78,1.08,1.36,1.79,2.13,2.33,2.69,3.00
2016-11-22,0.34,0.49,0.61,0.78,1.07,1.35,1.77,2.12,2.31,2.69,3.00
2016-11-23,0.35,0.51,0.63,0.80,1.12,1.40,1.83,2.17,2.36,2.71,3.02
2016-11-24,ND,ND,ND,ND,ND,ND,ND,ND,ND,ND,ND
2016-11-25,0.34,0.49,0.62,0.81,1.12,1.41,1.83,2.18,2.36,2.71,3.01
2016-11-28,0.32,0.48,0.60,0.79,1.11,1.38,1.80,2.13,2.32,2.68,2.99
2016-11-29,0.34,0.48,0.60,0.78,1.09,1.37,1.78,2.12,2.30,2.66,2.95
2016-11-30,0.38,0.48,0.62,0.80,1.11,1.40,1.83,2.18,2.37,2.73,3.02
2016-12-01,0.32,0.48,0.60,0.82,1.14,1.45,1.90,2.25,2.45,2.82,3.10
2016-12-02,0.34,0.49,0.61,0.80,1.11,1.40,1.84,2.20,2.40,2.78,3.08
2016-12-05,0.34,0.49,0.63,0.82,1.13,1.42,1.84,2.19,2.39,2.76,3.05
2016-12-06,0.35,0.49,0.63,0.83,1.12,1.41,1.84,2.18,2.39,2.77,3.08
2016-12-07,0.38,0.52,0.63,0.85,1.10,1.39,1.80,2.14,2.34,2.73,3.02
2016-12-08,0.39,0.51,0.62,0.84,1.12,1.40,1.83,2.20,2.40,2.81,3.10
2016-12-09,0.41,0.54,0.64,0.85,1.15,1.43,1.89,2.26,2.47,2.87,3.16
2016-12-12,0.42,0.51,0.64,0.85,1.15,1.44,1.90,2.26,2.49,2.86,3.16
2016-12-13,0.47,0.54,0.66,0.88,1.17,1.46,1.92,2.26,2.48,2.85,3.14
2016-12-14,0.49,0.55,0.66,0.92,1.27,1.57,2.02,2.34,2.54,2.86,3.14
2016-12-15,0.48,0.51,0.65,0.91,1.29,1.61,2.10,2.42,2.60,2.89,3.16
2016-12-16,0.46,0.51,0.65,0.91,1.28,1.59,2.07,2.41,2.60,2.91,3.19
2016-12-19,0.45,0.52,0.65,0.90,1.24,1.55,2.03,2.35,2.54,2.85,3.12
2016-12-20,0.48,0.52,0.66,0.90,1.25,1.56,2.06,2.38,2.57,2.88,3.15
2016-12-21,0.46,0.52,0.65,0.88,1.21,1.54,2.04,2.35,2.55,2.86,3.12
2016-12-22,0.42,0.51,0.65,0.87,1.22,1.54,2.04,2.36,2.55,2.86,3.12
2016-12-23,0.42,0.52,0.65,0.87,1.22,1.54,2.04,2.35,2.55,2.86,3.12
2016-12-26,ND,ND,ND,ND,ND,ND,ND,ND,ND,ND,ND
2016-12-27,0.50,0.51,0.66,0.89,1.28,1.58,2.07,2.37,2.57,2.88,3.14
2016-12-28,0.48,0.53,0.62,0.90,1.26,1.55,2.02,2.32,2.51,2.83,3.09
2016-12-29,0.39,0.47,0.62,0.85,1.22,1.49,1.96,2.30,2.49,2.82,3.08
2016-12-30,0.44,0.51,0.62,0.85,1.20,1.47,1.93,2.25,2.45,2.79,3.06
2017-01-02,ND,ND,ND,ND,ND,ND,ND,ND,ND,ND,ND
2017-01-03,0.52,0.53,0.65,0.89,1.22,1.50,1.94,2.26,2.45,2.78,3.04
2017-01-04,0.49,0.53,0.63,0.87,1.24,1.50,1.94,2.26,2.46,2.78,3.05
2017-01-05,0.51,0.52,0.62,0.83,1.17,1.43,1.86,2.18,2.37,2.69,2.96
2017-01-06,0.50,0.53,0.61,0.85,1.22,1.50,1.92,2.23,2.42,2.73,3.00
2017-01-09,0.50,0.50,0.60,0.82,1.21,1.47,1.89,2.18,2.38,2.69,2.97
2017-01-10,0.51,0.52,0.60,0.82,1.19,1.47,1.89,2.18,2.38,2.69,2.97
2017-01-11,0.51,0.52,0.60,0.82,1.20,1.47,1.89,2.18,2.38,2.68,2.96
2017-01-12,0.52,0.52,0.59,0.81,1.18,1.45,1.87,2.17,2.36,2.68,3.01
2017-01-13,0.52,0.53,0.61,0.82,1.21,1.48,1.90,2.20,2.40,2.71,2.99
2017-01-16,ND,ND,ND,ND,ND,ND,ND,ND,ND,ND,ND
2017-01-17,0.52,0.55,0.62,0.80,1.17,1.42,1.84,2.14,2.33,2.66,2.93
2017-01-18,0.48,0.53,0.63,0.82,1.23,1.51,1.93,2.24,2.42,2.74,3.00
2017-01-19,0.47,0.52,0.62,0.83,1.25,1.53,1.97,2.28,2.47,2.77,3.04
2017-01-20,0.46,0.50,0.62,0.82,1.20,1.50,1.95,2.28,2.48,2.79,3.05
2017-01-23,0.46,0.51,0.59,0.79,1.16,1.43,1.88,2.19,2.41,2.72,2.99
2017-01-24,0.50,0.51,0.62,0.81,1.21,1.49,1.94,2.27,2.47,2.78,3.05
2017-01-25,0.48,0.50,0.61,0.82,1.23,1.52,1.99,2.33,2.53,2.84,3.10
2017-01-26,0.49,0.51,0.62,0.82,1.21,1.49,1.95,2.30,2.51,2.82,3.08
2017-01-27,0.49,0.52,0.63,0.82,1.22,1.48,1.94,2.28,2.49,2.80,3.06
2017-01-30,0.49,0.51,0.63,0.81,1.22,1.48,1.94,2.28,2.49,2.82,3.08
2017-01-31,0.50,0.52,0.64,0.84,1.19,1.46,1.90,2.24,2.45,2.78,3.05
2017-02-01,0.50,0.51,0.65,0.83,1.22,1.49,1.93,2.27,2.48,2.80,3.08
2017-02-02,0.50,0.52,0.64,0.84,1.21,1.48,1.92,2.27,2.48,2.80,3.09
2017-02-03,0.49,0.51,0.63,0.82,1.21,1.49,1.93,2.27,2.49,2.82,3.11
2017-02-06,0.48,0.53,0.62,0.79,1.16,1.43,1.86,2.19,2.42,2.76,3.05
2017-02-07,0.51,0.53,0.63,0.80,1.16,1.43,1.85,2.17,2.40,2.74,3.02
2017-02-08,0.52,0.54,0.63,0.79,1.15,1.40,1.81,2.14,2.34,2.68,2.96
2017-02-09,0.51,0.54,0.64,0.80,1.20,1.46,1.88,2.20,2.40,2.74,3.02
2017-02-10,0.51,0.55,0.64,0.81,1.20,1.47,1.89,2.22,2.41,2.75,3.01
2017-02-13,0.50,0.52,0.63,0.82,1.20,1.48,1.92,2.24,2.43,2.77,3.03
2017-02-14,0.51,0.54,0.66,0.84,1.25,1.53,1.98,2.29,2.47,2.81,3.07
2017-02-15,0.53,0.54,0.67,0.86,1.27,1.57,2.01,2.33,2.51,2.84,3.09
2017-02-16,0.51,0.53,0.66,0.82,1.22,1.50,1.95,2.26,2.45,2.80,3.05
2017-02-17,0.50,0.53,0.66,0.82,1.21,1.48,1.92,2.23,2.42,2.78,3.03
2017-02-20,ND,ND,ND,ND,ND,ND,ND,ND,ND,ND,ND
2017-02-21,0.49,0.53,0.69,0.83,1.22,1.50,1.93,2.24,2.43,2.78,3.04
2017-02-22,0.47,0.52,0.68,0.82,1.22,1.49,1.92,2.23,2.42,2.78,3.04
2017-02-23,0.39,0.51,0.66,0.81,1.18,1.44,1.87,2.20,2.38,2.75,3.02
2017-02-24,0.40,0.52,0.65,0.80,1.12,1.38,1.80,2.12,2.31,2.69,2.95
2017-02-27,0.44,0.50,0.68,0.81,1.20,1.46,1.87,2.18,2.36,2.72,2.98
2017-02-28,0.40,0.53,0.69,0.88,1.22,1.49,1.89,2.19,2.36,2.70,2.97
2017-03-01,0.46,0.63,0.79,0.92,1.29,1.57,1.99,2.29,2.46,2.81,3.06
2017-03-02,0.52,0.67,0.84,0.98,1.32,1.60,2.03,2.32,2.49,2.84,3.09
2017-03-03,0.56,0.71,0.84,0.98,1.32,1.59,2.02,2.32,2.49,2.83,3.08
2017-03-06,0.56,0.74,0.83,0.97,1.31,1.60,2.02,2.32,2.49,2.84,3.10
2017-03-07,0.55,0.76,0.87,1.02,1.32,1.62,2.05,2.34,2.52,2.85,3.11
2017-03-08,0.54,0.73,0.86,1.03,1.36,1.65,2.08,2.38,2.57,2.89,3.15
2017-03-09,0.50,0.73,0.88,1.04,1.37,1.67,2.13,2.43,2.60,2.94,3.19
2017-03-10,0.60,0.75,0.89,1.03,1.36,1.66,2.11,2.40,2.58,2.94,3.16
2017-03-13,0.69,0.79,0.93,1.06,1.40,1.69,2.14,2.43,2.62,2.97,3.20
2017-03-14,0.77,0.78,0.93,1.06,1.40,1.68,2.13,2.42,2.60,2.94,3.17
2017-03-15,0.71,0.73,0.89,1.02,1.33,1.59,2.02,2.31,2.51,2.87,3.11
2017-03-16,0.68,0.73,0.89,1.01,1.35,1.63,2.05,2.34,2.53,2.89,3.14
2017-03-17,0.71,0.73,0.87,1.00,1.33,1.60,2.03,2.31,2.50,2.86,3.11
2017-03-20,0.70,0.76,0.89,1.01,1.30,1.57,2.00,2.28,2.47,2.83,3.08
2017-03-21,0.76,0.77,0.91,1.00,1.27,1.54,1.96,2.24,2.43,2.79,3.04
2017-03-22,0.74,0.77,0.90,0.99,1.27,1.52,1.95,2.22,2.40,2.76,3.02
2017-03-23,0.73,0.76,0.90,0.99,1.26,1.52,1.95,2.23,2.41,2.76,3.02
2017-03-24,0.73,0.78,0.89,1.00,1.26,1.52,1.93,2.22,2.40,2.74,3.00
2017-03-27,0.73,0.78,0.91,1.00,1.27,1.51,1.93,2.20,2.38,2.73,2.98
2017-03-28,0.75,0.78,0.92,1.03,1.30,1.56,1.97,2.25,2.42,2.77,3.02
2017-03-29,0.76,0.78,0.92,1.04,1.26,1.53,1.93,2.21,2.39,2.74,2.99
2017-03-30,0.75,0.78,0.91,1.03,1.28,1.55,1.96,2.25,2.42,2.78,3.03
2017-03-31,0.74,0.76,0.91,1.03,1.27,1.50,1.93,2.22,2.40,2.76,3.02
2017-04-03,0.73,0.79,0.92,1.02,1.24,1.47,1.88,2.16,2.35,2.71,2.98
2017-04-04,0.77,0.79,0.92,1.03,1.25,1.47,1.88,2.16,2.36,2.72,2.99
2017-04-05,0.77,0.80,0.93,1.03,1.24,1.44,1.85,2.14,2.34,2.71,2.98
2017-04-06,0.78,0.79,0.94,1.05,1.24,1.45,1.87,2.15,2.34,2.72,2.99
2017-04-07,0.77,0.82,0.95,1.08,1.29,1.52,1.92,2.20,2.38,2.74,3.00
2017-04-10,0.77,0.82,0.97,1.07,1.29,1.52,1.91,2.18,2.37,2.72,2.99
2017-04-11,0.74,0.82,0.94,1.05,1.24,1.45,1.84,2.11,2.32,2.67,2.93
2017-04-12,0.77,0.81,0.95,1.04,1.24,1.44,1.81,2.09,2.28,2.65,2.92
2017-04-13,0.76,0.81,0.94,1.03,1.21,1.40,1.77,2.05,2.24,2.62,2.89
2017-04-14,ND,ND,ND,ND,ND,ND,ND,ND,ND,ND,ND
2017-04-17,0.76,0.83,0.94,1.04,1.21,1.42,1.79,2.07,2.26,2.65,2.92
2017-04-18,0.76,0.82,0.94,1.02,1.18,1.35,1.71,1.98,2.18,2.56,2.84
2017-04-19,0.75,0.81,0.94,1.02,1.19,1.38,1.74,2.02,2.21,2.59,2.87
2017-04-20,0.73,0.79,0.93,1.01,1.21,1.41,1.78,2.06,2.24,2.61,2.89
2017-04-21,0.72,0.79,0.92,0.99,1.20,1.40,1.77,2.05,2.24,2.61,2.89
2017-04-24,0.74,0.81,0.96,1.03,1.25,1.44,1.81,2.09,2.28,2.65,2.93
2017-04-25,0.73,0.82,0.98,1.09,1.29,1.49,1.87,2.15,2.35,2.71,2.99
2017-04-26,0.74,0.83,0.99,1.07,1.28,1.46,1.84,2.12,2.32,2.69,2.97
2017-04-27,0.70,0.81,0.98,1.06,1.25,1.44,1.81,2.10,2.30,2.68,2.96
2017-04-28,0.68,0.80,0.99,1.07,1.28,1.45,1.81,2.10,2.29,2.67,2.96
2017-05-01,0.67,0.83,0.98,1.09,1.28,1.48,1.84,2.13,2.33,2.71,3.00
2017-05-02,0.72,0.82,0.99,1.08,1.27,1.45,1.81,2.09,2.29,2.68,2.97
2017-05-03,0.73,0.85,1.00,1.10,1.30,1.50,1.86,2.14,2.33,2.70,2.97
2017-05-04,0.71,0.86,1.00,1.11,1.32,1.51,1.88,2.17,2.36,2.73,3.00
2017-05-05,0.71,0.90,1.01,1.10,1.32,1.52,1.89,2.17,2.36,2.73,2.99
2017-05-08,0.73,0.91,1.02,1.12,1.33,1.53,1.91,2.19,2.39,2.76,3.02
2017-05-09,0.74,0.91,1.04,1.14,1.37,1.57,1.94,2.22,2.42,2.79,3.04
2017-05-10,0.71,0.90,1.04,1.13,1.35,1.56,1.94,2.22,2.41,2.79,3.03
2017-05-11,0.68,0.89,1.04,1.13,1.35,1.55,1.93,2.20,2.39,2.78,3.03
2017-05-12,0.69,0.88,1.03,1.11,1.29,1.49,1.85,2.13,2.33,2.74,2.98
2017-05-15,0.73,0.90,1.02,1.11,1.31,1.49,1.86,2.14,2.34,2.76,3.00
2017-05-16,0.72,0.90,1.04,1.11,1.29,1.48,1.86,2.13,2.33,2.74,2.99
2017-05-17,0.72,0.90,1.00,1.08,1.26,1.42,1.76,2.03,2.22,2.65,2.91
2017-05-18,0.73,0.93,1.02,1.09,1.27,1.44,1.78,2.04,2.23,2.64,2.90
2017-05-19,0.71,0.92,1.03,1.10,1.28,1.45,1.79,2.05,2.23,2.63,2.90
2017-05-22,0.70,0.93,1.05,1.12,1.29,1.45,1.80,2.06,2.25,2.64,2.91
2017-05-23,0.76,0.92,1.08,1.14,1.31,1.49,1.84,2.10,2.29,2.68,2.95
2017-05-24,0.76,0.93,1.07,1.18,1.29,1.46,1.79,2.07,2.26,2.65,2.92
2017-05-25,0.72,0.94,1.08,1.16,1.30,1.46,1.78,2.06,2.25,2.65,2.92
2017-05-26,0.75,0.94,1.08,1.17,1.30,1.46,1.79,2.06,2.25,2.65,2.92
2017-05-29,ND,ND,ND,ND,ND,ND,ND,ND,ND,ND,ND
2017-05-30,0.77,0.93,1.07,1.16,1.28,1.44,1.76,2.02,2.21,2.61,2.88
2017-05-31,0.86,0.98,1.08,1.17,1.28,1.44,1.75,2.02,2.21,2.60,2.87
2017-06-01,0.82,0.98,1.07,1.16,1.28,1.45,1.76,2.02,2.21,2.60,2.87
2017-06-02,0.82,0.98,1.06,1.16,1.28,1.42,1.71,1.96,2.15,2.53,2.80
2017-06-05,0.83,0.96,1.06,1.16,1.32,1.45,1.74,1.99,2.18,2.56,2.84
2017-06-06,0.83,0.97,1.08,1.16,1.30,1.42,1.71,1.95,2.14,2.53,2.81
2017-06-07,0.84,1.00,1.09,1.17,1.32,1.45,1.74,1.99,2.18,2.56,2.84
2017-06-08,0.80,1.01,1.11,1.19,1.33,1.47,1.75,2.00,2.19,2.57,2.85
2017-06-09,0.80,1.01,1.13,1.20,1.35,1.50,1.77,2.02,2.21,2.59,2.86
2017-06-12,0.82,0.98,1.09,1.19,1.35,1.50,1.78,2.02,2.21,2.59,2.86
2017-06-13,0.89,1.00,1.12,1.22,1.38,1.51,1.79,2.02,2.21,2.60,2.87
2017-06-14,0.90,1.01,1.12,1.20,1.35,1.48,1.74,1.96,2.15,2.53,2.79
2017-06-15,0.86,1.02,1.13,1.21,1.35,1.49,1.76,1.98,2.16,2.52,2.78
2017-06-16,0.85,1.03,1.13,1.21,1.32,1.48,1.75,1.97,2.16,2.52,2.78
2017-06-19,0.85,1.02,1.13,1.22,1.36,1.52,1.80,2.02,2.19,2.53,2.79
2017-06-20,0.88,1.01,1.14,1.22,1.36,1.50,1.77,1.99,2.16,2.49,2.74
2017-06-21,0.85,0.99,1.12,1.22,1.36,1.50,1.78,2.00,2.16,2.48,2.73
2017-06-22,0.80,0.96,1.10,1.22,1.34,1.48,1.76,1.98,2.15,2.47,2.72
2017-06-23,0.76,0.97,1.10,1.21,1.34,1.48,1.77,1.98,2.15,2.48,2.71
2017-06-26,0.81,0.99,1.10,1.20,1.36,1.48,1.77,1.97,2.14,2.46,2.70
2017-06-27,0.89,1.00,1.13,1.22,1.38,1.53,1.83,2.04,2.21,2.52,2.75
2017-06-28,0.89,1.02,1.12,1.21,1.34,1.51,1.81,2.05,2.22,2.55,2.77
2017-06-29,0.88,1.04,1.14,1.23,1.38,1.53,1.85,2.10,2.27,2.59,2.82
2017-06-30,0.84,1.03,1.14,1.24,1.38,1.55,1.89,2.14,2.31,2.61,2.84
2017-07-03,0.96,1.06,1.13,1.24,1.41,1.60,1.93,2.19,2.35,2.65,2.86
2017-07-04,ND,ND,ND,ND,ND,ND,ND,ND,ND,ND,ND
2017-07-05,0.97,1.05,1.15,1.24,1.41,1.59,1.92,2.17,2.33,2.63,2.85
2017-07-06,0.95,1.04,1.14,1.23,1.40,1.60,1.94,2.21,2.37,2.68,2.90
2017-07-07,0.94,1.05,1.14,1.22,1.40,1.60,1.95,2.22,2.39,2.71,2.93
2017-07-10,0.95,1.04,1.13,1.23,1.40,1.59,1.93,2.20,2.38,2.70,2.93
2017-07-11,0.97,1.05,1.14,1.20,1.37,1.57,1.92,2.18,2.37,2.69,2.92
2017-07-12,0.94,1.05,1.13,1.21,1.35,1.53,1.88,2.14,2.33,2.65,2.89
2017-07-13,0.95,1.05,1.14,1.23,1.37,1.55,1.89,2.16,2.35,2.69,2.92
2017-07-14,0.93,1.04,1.12,1.22,1.35,1.54,1.87,2.13,2.33,2.67,2.91
2017-07-17,0.95,1.07,1.10,1.22,1.36,1.53,1.86,2.12,2.31,2.65,2.89
2017-07-18,0.95,1.07,1.11,1.19,1.36,1.52,1.82,2.08,2.27,2.61,2.85
2017-07-19,0.99,1.11,1.12,1.23,1.37,1.52,1.83,2.09,2.27,2.61,2.85
2017-07-20,1.00,1.15,1.12,1.22,1.37,1.51,1.82,2.08,2.27,2.60,2.83
2017-07-21,1.00,1.16,1.10,1.22,1.36,1.50,1.81,2.05,2.24,2.57,2.81
2017-07-24,1.00,1.17,1.12,1.23,1.37,1.53,1.83,2.07,2.26,2.59,2.83
2017-07-25,0.96,1.18,1.15,1.24,1.40,1.56,1.90,2.15,2.33,2.67,2.91
2017-07-26,1.02,1.13,1.14,1.23,1.36,1.50,1.83,2.09,2.29,2.65,2.89
2017-07-27,1.01,1.11,1.13,1.22,1.36,1.52,1.84,2.12,2.32,2.68,2.93
2017-07-28,1.00,1.08,1.13,1.22,1.34,1.51,1.83,2.10,2.30,2.65,2.89
2017-07-31,1.00,1.07,1.13,1.23,1.34,1.51,1.84,2.11,2.30,2.66,2.89
2017-08-01,1.00,1.08,1.15,1.22,1.34,1.50,1.80,2.07,2.26,2.61,2.86
2017-08-02,1.02,1.08,1.15,1.24,1.36,1.52,1.82,2.08,2.27,2.60,2.85
2017-08-03,1.00,1.08,1.13,1.22,1.34,1.49,1.79,2.05,2.24,2.56,2.81
2017-08-04,1.00,1.08,1.14,1.23,1.36,1.51,1.82,2.08,2.27,2.61,2.84
2017-08-07,0.99,1.02,1.14,1.22,1.36,1.52,1.81,2.07,2.26,2.60,2.84
2017-08-08,1.00,1.06,1.16,1.24,1.36,1.53,1.84,2.10,2.29,2.63,2.86
2017-08-09,1.01,1.06,1.15,1.21,1.33,1.50,1.81,2.06,2.24,2.59,2.82
2017-08-10,1.02,1.05,1.14,1.22,1.33,1.49,1.78,2.03,2.20,2.55,2.79
2017-08-11,0.99,1.03,1.14,1.21,1.30,1.43,1.74,2.00,2.19,2.55,2.79
2017-08-14,0.95,1.02,1.13,1.23,1.33,1.48,1.77,2.04,2.22,2.57,2.81
2017-08-15,0.97,1.04,1.16,1.23,1.35,1.51,1.83,2.09,2.27,2.60,2.84
2017-08-16,0.97,1.02,1.13,1.24,1.33,1.49,1.79,2.04,2.23,2.58,2.81
2017-08-17,0.95,1.00,1.11,1.24,1.32,1.46,1.76,2.01,2.19,2.54,2.78
2017-08-18,0.97,1.02,1.13,1.24,1.33,1.47,1.77,2.01,2.19,2.54,2.78
2017-08-21,0.95,1.00,1.11,1.23,1.32,1.46,1.76,2.00,2.18,2.52,2.77
2017-08-22,0.93,1.00,1.13,1.24,1.33,1.48,1.80,2.04,2.22,2.55,2.79
2017-08-23,0.98,1.00,1.11,1.22,1.32,1.45,1.76,1.99,2.17,2.51,2.75
2017-08-24,0.98,1.02,1.11,1.23,1.33,1.47,1.78,2.01,2.19,2.53,2.77
2017-08-25,0.99,1.03,1.11,1.23,1.35,1.47,1.77,2.00,2.17,2.51,2.75
2017-08-28,0.99,0.98,1.12,1.24,1.33,1.46,1.74,1.99,2.16,2.51,2.76
2017-08-29,0.96,1.03,1.13,1.23,1.33,1.43,1.70,1.96,2.13,2.48,2.74
2017-08-30,0.96,1.03,1.11,1.23,1.33,1.44,1.72,1.97,2.15,2.49,2.75
2017-08-31,0.95,1.01,1.08,1.23,1.33,1.44,1.70,1.95,2.12,2.47,2.73
2017-09-01,0.96,1.02,1.10,1.24,1.35,1.46,1.73,1.99,2.16,2.51,2.77
2017-09-04,ND,ND,ND,ND,ND,ND,ND,ND,ND,ND,ND
2017-09-05,1.30,1.03,1.13,1.23,1.30,1.40,1.65,1.90,2.07,2.43,2.69
2017-09-06,1.04,1.07,1.17,1.24,1.30,1.42,1.69,1.93,2.10,2.46,2.72
2017-09-07,0.98,1.05,1.15,1.21,1.27,1.38,1.63,1.88,2.05,2.40,2.66
2017-09-08,0.96,1.04,1.14,1.22,1.27,1.39,1.64,1.89,2.06,2.41,2.67
2017-09-11,0.97,1.05,1.16,1.24,1.32,1.44,1.71,1.96,2.14,2.49,2.75
2017-09-12,0.99,1.03,1.16,1.27,1.33,1.46,1.75,1.99,2.17,2.52,2.78
2017-09-13,0.99,1.04,1.16,1.27,1.35,1.48,1.78,2.01,2.20,2.53,2.79
2017-09-14,0.99,1.05,1.17,1.28,1.37,1.50,1.79,2.01,2.20,2.52,2.77
2017-09-15,0.98,1.05,1.17,1.30,1.39,1.53,1.81,2.04,2.20,2.52,2.77
2017-09-18,0.96,1.05,1.18,1.30,1.40,1.54,1.83,2.06,2.23,2.56,2.80
2017-09-19,0.97,1.04,1.19,1.31,1.40,1.55,1.84,2.07,2.24,2.57,2.81
2017-09-20,0.98,1.04,1.20,1.32,1.45,1.60,1.89,2.12,2.28,2.59,2.82
2017-09-21,0.99,1.04,1.19,1.31,1.45,1.59,1.89,2.11,2.27,2.57,2.80
2017-09-22,0.97,1.03,1.19,1.30,1.46,1.58,1.88,2.10,2.26,2.57,2.80
2017-09-25,0.97,1.05,1.19,1.30,1.44,1.56,1.85,2.07,2.22,2.53,2.76
2017-09-26,0.96,1.06,1.19,1.31,1.45,1.57,1.87,2.08,2.24,2.54,2.78
2017-09-27,0.99,1.07,1.20,1.33,1.47,1.60,1.91,2.14,2.31,2.62,2.86
2017-09-28,0.97,1.06,1.18,1.31,1.45,1.59,1.89,2.13,2.31,2.63,2.87
2017-09-29,0.96,1.06,1.20,1.31,1.47,1.62,1.92,2.16,2.33,2.63,2.86
2017-10-02,0.95,1.01,1.22,1.31,1.49,1.63,1.94,2.17,2.34,2.64,2.87
2017-10-03,1.01,1.07,1.21,1.32,1.47,1.62,1.92,2.15,2.33,2.63,2.87
2017-10-04,1.00,1.08,1.21,1.33,1.47,1.62,1.92,2.15,2.33,2.64,2.87
2017-10-05,1.02,1.07,1.21,1.35,1.49,1.63,1.94,2.17,2.35,2.65,2.89
2017-10-06,1.03,1.07,1.22,1.35,1.54,1.66,1.97,2.20,2.37,2.68,2.91
2017-10-09,ND,ND,ND,ND,ND,ND,ND,ND,ND,ND,ND
2017-10-10,1.03,1.08,1.26,1.42,1.51,1.64,1.95,2.18,2.35,2.65,2.88
2017-10-11,1.04,1.10,1.25,1.40,1.51,1.66,1.95,2.17,2.35,2.64,2.88
2017-10-12,0.99,1.09,1.27,1.41,1.51,1.66,1.95,2.16,2.33,2.62,2.86
2017-10-13,0.97,1.09,1.26,1.39,1.51,1.64,1.91,2.12,2.28,2.58,2.81
2017-10-16,0.97,1.10,1.24,1.42,1.54,1.68,1.95,2.15,2.30,2.58,2.82
2017-10-17,0.99,1.09,1.25,1.41,1.54,1.69,1.97,2.15,2.30,2.58,2.80
2017-10-18,0.99,1.09,1.24,1.42,1.59,1.70,1.99,2.19,2.34,2.62,2.85
2017-10-19,0.99,1.10,1.25,1.41,1.58,1.69,1.98,2.18,2.33,2.60,2.83
2017-10-20,0.99,1.11,1.27,1.43,1.60,1.72,2.03,2.24,2.39,2.67,2.89
2017-10-23,1.00,1.09,1.25,1.42,1.58,1.70,2.01,2.22,2.38,2.66,2.89
2017-10-24,1.00,1.12,1.27,1.43,1.60,1.73,2.05,2.26,2.42,2.70,2.92
2017-10-25,1.01,1.12,1.27,1.43,1.61,1.74,2.06,2.28,2.44,2.72,2.95
2017-10-26,0.99,1.11,1.29,1.43,1.63,1.76,2.07,2.30,2.46,2.74,2.96
2017-10-27,0.98,1.10,1.28,1.42,1.59,1.73,2.03,2.26,2.42,2.71,2.93
2017-10-30,0.97,1.12,1.24,1.42,1.58,1.71,2.00,2.22,2.37,2.66,2.88
2017-10-31,0.99,1.15,1.28,1.43,1.60,1.73,2.01,2.23,2.38,2.66,2.88
2017-11-01,1.06,1.18,1.30,1.46,1.61,1.74,2.01,2.22,2.37,2.63,2.85
2017-11-02,1.02,1.17,1.29,1.46,1.61,1.73,2.00,2.21,2.35,2.61,2.83
2017-11-03,1.02,1.18,1.31,1.49,1.63,1.74,1.99,2.19,2.34,2.59,2.82
2017-11-06,1.03,1.19,1.30,1.50,1.61,1.73,1.99,2.17,2.32,2.58,2.80
2017-11-07,1.05,1.22,1.33,1.49,1.63,1.75,1.99,2.17,2.32,2.56,2.77
2017-11-08,1.05,1.23,1.35,1.53,1.65,1.77,2.01,2.19,2.32,2.57,2.79
2017-11-09,1.07,1.24,1.36,1.53,1.63,1.75,2.01,2.20,2.33,2.59,2.81
2017-11-10,1.06,1.23,1.37,1.54,1.67,1.79,2.06,2.27,2.40,2.67,2.88
2017-11-13,1.07,1.24,1.37,1.55,1.70,1.82,2.08,2.27,2.40,2.67,2.87
2017-11-14,1.06,1.26,1.40,1.55,1.68,1.81,2.06,2.26,2.38,2.64,2.84
2017-11-15,1.08,1.25,1.39,1.55,1.68,1.79,2.04,2.21,2.33,2.58,2.77
2017-11-16,1.08,1.27,1.42,1.59,1.72,1.83,2.07,2.25,2.37,2.62,2.81
2017-11-17,1.08,1.29,1.42,1.60,1.73,1.83,2.06,2.23,2.35,2.59,2.78
2017-11-20,1.09,1.30,1.46,1.62,1.77,1.86,2.09,2.26,2.37,2.60,2.78
2017-11-21,1.15,1.30,1.45,1.62,1.77,1.88,2.11,2.27,2.36,2.58,2.76
2017-11-22,1.16,1.29,1.45,1.61,1.74,1.84,2.05,2.22,2.32,2.57,2.75
2017-11-23,ND,ND,ND,ND,ND,ND,ND,ND,ND,ND,ND
2017-11-24,1.14,1.29,1.45,1.61,1.75,1.85,2.07,2.23,2.34,2.58,2.76
2017-11-27,1.15,1.27,1.41,1.62,1.74,1.84,2.06,2.21,2.32,2.57,2.76
2017-11-28,1.16,1.30,1.46,1.61,1.75,1.85,2.07,2.24,2.34,2.58,2.77
2017-11-29,1.17,1.29,1.45,1.61,1.78,1.86,2.09,2.27,2.37,2.62,2.81
2017-11-30,1.14,1.27,1.44,1.62,1.78,1.90,2.14,2.31,2.42,2.65,2.83
2017-12-01,1.14,1.27,1.45,1.62,1.78,1.90,2.13,2.28,2.37,2.58,2.76
2017-12-04,1.16,1.29,1.45,1.66,1.80,1.93,2.15,2.29,2.37,2.58,2.77
2017-12-05,1.21,1.30,1.48,1.64,1.83,1.94,2.15,2.28,2.36,2.55,2.73
2017-12-06,1.18,1.30,1.48,1.68,1.78,1.92,2.11,2.25,2.33,2.53,2.71
2017-12-07,1.16,1.29,1.47,1.67,1.80,1.92,2.14,2.29,2.37,2.58,2.76
2017-12-08,1.14,1.28,1.45,1.65,1.80,1.92,2.14,2.29,2.38,2.59,2.77
2017-12-11,1.18,1.33,1.47,1.69,1.82,1.95,2.16,2.30,2.39,2.59,2.77
2017-12-12,1.26,1.34,1.49,1.70,1.83,1.95,2.18,2.32,2.40,2.60,2.79
2017-12-13,1.22,1.30,1.47,1.68,1.79,1.90,2.12,2.26,2.36,2.56,2.74
2017-12-14,1.21,1.32,1.48,1.70,1.82,1.92,2.14,2.27,2.35,2.53,2.71
2017-12-15,1.24,1.31,1.48,1.71,1.84,1.95,2.16,2.28,2.35,2.52,2.68
2017-12-18,1.26,1.38,1.51,1.70,1.84,1.94,2.17,2.30,2.39,2.57,2.74
2017-12-19,1.25,1.37,1.51,1.71,1.87,1.97,2.23,2.37,2.46,2.66,2.82
2017-12-20,1.22,1.38,1.51,1.72,1.87,1.98,2.24,2.40,2.49,2.71,2.88
2017-12-21,1.21,1.35,1.54,1.73,1.89,2.01,2.26,2.39,2.48,2.68,2.84
2017-12-22,1.15,1.33,1.54,1.73,1.91,2.01,2.26,2.40,2.48,2.68,2.83
2017-12-25,ND,ND,ND,ND,ND,ND,ND,ND,ND,ND,ND
2017-12-26,1.24,1.47,1.52,1.75,1.92,2.02,2.25,2.38,2.47,2.66,2.82
2017-12-27,1.18,1.44,1.53,1.75,1.89,1.99,2.22,2.34,2.42,2.59,2.75
2017-12-28,1.19,1.39,1.54,1.76,1.91,2.00,2.23,2.36,2.43,2.60,2.75
2017-12-29,1.28,1.39,1.53,1.76,1.89,1.98,2.20,2.33,2.40,2.58,2.74
2018-01-01,ND,ND,ND,ND,ND,ND,ND,ND,ND,ND,ND
2018-01-02,1.29,1.44,1.61,1.83,1.92,2.01,2.25,2.38,2.46,2.64,2.81
2018-01-03,1.29,1.41,1.59,1.81,1.94,2.02,2.25,2.37,2.44,2.62,2.78
2018-01-04,1.28,1.41,1.60,1.82,1.96,2.05,2.27,2.38,2.46,2.62,2.79
2018-01-05,1.27,1.39,1.58,1.80,1.96,2.06,2.29,2.40,2.47,2.64,2.81
2018-01-08,1.30,1.45,1.60,1.79,1.96,2.07,2.29,2.41,2.49,2.65,2.81
2018-01-09,1.27,1.44,1.60,1.78,1.98,2.09,2.33,2.46,2.55,2.72,2.88
2018-01-10,1.31,1.42,1.59,1.78,1.98,2.08,2.32,2.47,2.55,2.73,2.88
2018-01-11,1.32,1.43,1.58,1.77,1.98,2.09,2.32,2.46,2.54,2.72,2.91
2018-01-12,1.31,1.43,1.59,1.78,1.99,2.12,2.35,2.48,2.55,2.71,2.85
2018-01-15,ND,ND,ND,ND,ND,ND,ND,ND,ND,ND,ND
2018-01-16,1.33,1.45,1.63,1.79,2.03,2.12,2.36,2.48,2.54,2.69,2.83
2018-01-17,1.31,1.44,1.63,1.79,2.05,2.15,2.39,2.51,2.57,2.71,2.84
2018-01-18,1.29,1.45,1.63,1.79,2.05,2.17,2.43,2.55,2.62,2.77,2.90
2018-01-19,1.28,1.44,1.62,1.79,2.06,2.20,2.45,2.57,2.64,2.78,2.91
2018-01-22,1.27,1.44,1.65,1.79,2.08,2.21,2.46,2.59,2.66,2.79,2.93
2018-01-23,1.26,1.44,1.63,1.78,2.06,2.18,2.43,2.55,2.63,2.77,2.90
2018-01-24,1.25,1.43,1.63,1.79,2.08,2.20,2.43,2.57,2.65,2.80,2.93
2018-01-25,1.23,1.42,1.64,1.80,2.08,2.20,2.41,2.55,2.63,2.76,2.89
2018-01-26,1.24,1.41,1.64,1.80,2.13,2.24,2.47,2.60,2.66,2.79,2.91
2018-01-29,1.28,1.44,1.66,1.80,2.11,2.26,2.49,2.63,2.70,2.82,2.94
2018-01-30,1.49,1.44,1.66,1.88,2.13,2.27,2.51,2.65,2.73,2.86,2.98
2018-01-31,1.43,1.46,1.66,1.90,2.14,2.29,2.52,2.66,2.72,2.83,2.95
2018-02-01,1.41,1.48,1.64,1.89,2.16,2.33,2.56,2.72,2.78,2.90,3.01
2018-02-02,1.40,1.48,1.65,1.88,2.15,2.33,2.58,2.76,2.84,2.97,3.08
2018-02-05,1.40,1.51,1.67,1.85,2.08,2.25,2.50,2.68,2.77,2.92,3.04
2018-02-06,1.48,1.52,1.69,1.87,2.10,2.30,2.52,2.70,2.79,2.94,3.06
2018-02-07,1.36,1.55,1.73,1.91,2.15,2.33,2.57,2.75,2.84,3.01,3.12
2018-02-08,1.32,1.55,1.73,1.91,2.13,2.32,2.57,2.76,2.85,3.03,3.14
2018-02-09,1.31,1.55,1.73,1.89,2.05,2.26,2.52,2.72,2.83,3.02,3.14
2018-02-12,1.35,1.62,1.82,1.93,2.09,2.30,2.56,2.77,2.86,3.02,3.14
2018-02-13,1.34,1.59,1.80,1.95,2.10,2.30,2.54,2.74,2.83,2.99,3.11
2018-02-14,1.32,1.58,1.81,1.98,2.17,2.40,2.65,2.84,2.91,3.07,3.18
2018-02-15,1.30,1.58,1.82,1.99,2.19,2.40,2.65,2.83,2.90,3.04,3.15
2018-02-16,1.35,1.62,1.83,2.00,2.21,2.38,2.63,2.81,2.87,3.02,3.13
2018-02-19,ND,ND,ND,ND,ND,ND,ND,ND,ND,ND,ND
2018-02-20,1.39,1.66,1.87,2.01,2.25,2.40,2.65,2.81,2.88,3.04,3.15
2018-02-21,1.40,1.64,1.85,2.03,2.26,2.44,2.69,2.86,2.94,3.11,3.22
2018-02-22,1.34,1.63,1.84,2.02,2.25,2.42,2.66,2.84,2.92,3.09,3.21
2018-02-23,1.38,1.64,1.85,2.02,2.25,2.39,2.62,2.79,2.88,3.04,3.16
2018-02-26,1.39,1.66,1.87,2.03,2.22,2.37,2.60,2.77,2.86,3.03,3.15
2018-02-27,1.49,1.66,1.87,2.08,2.27,2.43,2.67,2.83,2.90,3.06,3.17
2018-02-28,1.50,1.65,1.86,2.07,2.25,2.42,2.65,2.80,2.87,3.02,3.13
2018-03-01,1.50,1.63,1.85,2.05,2.22,2.36,2.58,2.74,2.81,2.97,3.09
2018-03-02,1.50,1.65,1.86,2.06,2.25,2.40,2.63,2.79,2.86,3.02,3.14
2018-03-05,1.53,1.70,1.86,2.06,2.24,2.41,2.65,2.81,2.88,3.04,3.16
2018-03-06,1.56,1.68,1.87,2.06,2.25,2.42,2.65,2.81,2.88,3.03,3.14
2018-03-07,1.57,1.68,1.87,2.05,2.25,2.42,2.65,2.81,2.89,3.04,3.15
2018-03-08,1.57,1.67,1.89,2.05,2.25,2.42,2.63,2.79,2.86,3.01,3.13
2018-03-09,1.57,1.67,1.89,2.03,2.27,2.45,2.65,2.82,2.90,3.04,3.16
2018-03-12,1.60,1.71,1.89,2.05,2.27,2.43,2.64,2.79,2.87,3.00,3.13
2018-03-13,1.64,1.73,1.90,2.03,2.26,2.41,2.62,2.77,2.84,2.98,3.10
2018-03-14,1.71,1.76,1.94,2.05,2.26,2.41,2.61,2.75,2.81,2.94,3.05
2018-03-15,1.70,1.77,1.95,2.07,2.29,2.42,2.62,2.76,2.82,2.94,3.05
2018-03-16,1.71,1.78,1.96,2.08,2.31,2.44,2.65,2.78,2.85,2.96,3.08
2018-03-19,1.70,1.80,1.99,2.08,2.31,2.45,2.65,2.78,2.85,2.97,3.09
2018-03-20,1.76,1.81,1.97,2.08,2.34,2.49,2.69,2.82,2.89,3.01,3.12
2018-03-21,1.71,1.74,1.95,2.06,2.31,2.46,2.69,2.82,2.89,3.01,3.12
2018-03-22,1.67,1.72,1.95,2.05,2.29,2.43,2.63,2.76,2.83,2.94,3.06
2018-03-23,1.69,1.74,1.92,2.04,2.28,2.41,2.61,2.74,2.82,2.94,3.06
2018-03-26,1.71,1.79,1.94,2.06,2.33,2.44,2.64,2.78,2.85,2.96,3.08
2018-03-27,1.69,1.77,1.93,2.10,2.26,2.39,2.58,2.70,2.78,2.90,3.03
2018-03-28,1.65,1.73,1.95,2.12,2.28,2.41,2.59,2.72,2.77,2.89,3.01
2018-03-29,1.63,1.73,1.93,2.09,2.27,2.39,2.56,2.68,2.74,2.85,2.97
2018-03-30,ND,ND,ND,ND,ND,ND,ND,ND,ND,ND,ND
2018-04-02,1.68,1.77,1.92,2.08,2.25,2.37,2.55,2.67,2.73,2.85,2.97
2018-04-03,1.70,1.75,1.92,2.09,2.28,2.41,2.60,2.73,2.79,2.90,3.02
2018-04-04,1.67,1.71,1.90,2.07,2.28,2.42,2.61,2.73,2.79,2.91,3.03
2018-04-05,1.67,1.72,1.93,2.07,2.30,2.45,2.64,2.76,2.83,2.95,3.07
2018-04-06,1.68,1.73,1.91,2.06,2.27,2.40,2.58,2.70,2.77,2.89,3.01
2018-04-09,1.67,1.76,1.93,2.08,2.29,2.43,2.60,2.72,2.78,2.89,3.02
2018-04-10,1.63,1.74,1.93,2.09,2.32,2.45,2.62,2.74,2.80,2.89,3.02
2018-04-11,1.64,1.73,1.95,2.09,2.32,2.45,2.62,2.72,2.79,2.87,2.99
2018-04-12,1.65,1.75,1.95,2.11,2.34,2.49,2.67,2.78,2.83,2.92,3.05
2018-04-13,1.64,1.76,1.97,2.12,2.37,2.51,2.67,2.77,2.82,2.91,3.03
2018-04-16,1.64,1.79,1.98,2.12,2.39,2.52,2.69,2.78,2.83,2.91,3.03
2018-04-17,1.68,1.80,2.02,2.16,2.41,2.52,2.68,2.77,2.82,2.89,3.00
2018-04-18,1.67,1.81,2.01,2.17,2.42,2.57,2.73,2.83,2.87,2.95,3.06
2018-04-19,1.67,1.82,2.01,2.21,2.44,2.58,2.77,2.87,2.92,3.01,3.11
2018-04-20,1.65,1.81,2.01,2.22,2.46,2.62,2.80,2.91,2.96,3.04,3.14
2018-04-23,1.69,1.87,2.04,2.25,2.49,2.64,2.83,2.94,2.98,3.05,3.15
2018-04-24,1.70,1.87,2.05,2.25,2.48,2.63,2.83,2.95,3.00,3.08,3.18
2018-04-25,1.65,1.85,2.03,2.26,2.49,2.64,2.84,2.97,3.03,3.12,3.21
2018-04-26,1.62,1.82,2.02,2.25,2.49,2.63,2.82,2.95,3.00,3.08,3.18
2018-04-27,1.62,1.82,2.02,2.24,2.49,2.62,2.80,2.92,2.96,3.03,3.13
2018-04-30,1.65,1.87,2.04,2.24,2.49,2.62,2.79,2.91,2.95,3.01,3.11
2018-05-01,1.68,1.85,2.05,2.26,2.50,2.66,2.82,2.93,2.97,3.03,3.13
2018-05-02,1.69,1.84,2.03,2.24,2.49,2.64,2.80,2.92,2.97,3.04,3.14
2018-05-03,1.68,1.84,2.02,2.24,2.49,2.62,2.78,2.90,2.94,3.02,3.12
2018-05-04,1.67,1.84,2.03,2.24,2.51,2.63,2.78,2.90,2.95,3.02,3.12
2018-05-07,1.69,1.86,2.05,2.25,2.49,2.64,2.78,2.90,2.95,3.02,3.12
2018-05-08,1.69,1.87,2.05,2.26,2.51,2.66,2.81,2.93,2.97,3.04,3.13
2018-05-09,1.68,1.88,2.05,2.27,2.54,2.68,2.84,2.96,3.00,3.07,3.16
2018-05-10,1.69,1.90,2.05,2.27,2.54,2.69,2.83,2.94,2.97,3.04,3.12
2018-05-11,1.68,1.92,2.06,2.28,2.54,2.69,2.84,2.94,2.97,3.03,3.10
2018-05-14,1.70,1.93,2.09,2.28,2.55,2.70,2.85,2.96,3.00,3.06,3.13
2018-05-15,1.69,1.92,2.09,2.31,2.58,2.75,2.92,3.04,3.08,3.14,3.20
2018-05-16,1.69,1.92,2.09,2.32,2.58,2.76,2.94,3.05,3.09,3.16,3.21
2018-05-17,1.70,1.92,2.10,2.32,2.57,2.75,2.94,3.07,3.11,3.19,3.25
2018-05-18,1.68,1.91,2.09,2.32,2.55,2.71,2.90,3.02,3.06,3.14,3.20
2018-05-21,1.71,1.93,2.14,2.35,2.58,2.73,2.90,3.02,3.06,3.13,3.20
2018-05-22,1.73,1.93,2.13,2.34,2.59,2.73,2.90,3.02,3.06,3.14,3.21
2018-05-23,1.76,1.92,2.11,2.29,2.53,2.67,2.83,2.95,3.01,3.09,3.17
2018-05-24,1.74,1.91,2.09,2.28,2.50,2.65,2.82,2.93,2.98,3.06,3.13
2018-05-25,1.70,1.90,2.07,2.27,2.48,2.60,2.76,2.88,2.93,3.01,3.09
2018-05-28,ND,ND,ND,ND,ND,ND,ND,ND,ND,ND,ND
2018-05-29,1.77,1.93,2.06,2.17,2.32,2.43,2.58,2.71,2.77,2.87,2.96
2018-05-30,1.77,1.94,2.08,2.23,2.42,2.53,2.67,2.79,2.84,2.93,3.01
2018-05-31,1.76,1.93,2.08,2.23,2.40,2.54,2.68,2.78,2.83,2.91,3.00
2018-06-01,1.74,1.92,2.10,2.28,2.47,2.61,2.74,2.85,2.89,2.96,3.04
2018-06-04,1.77,1.94,2.13,2.30,2.52,2.64,2.78,2.89,2.94,3.00,3.08
2018-06-05,1.82,1.94,2.13,2.32,2.49,2.62,2.76,2.87,2.92,2.99,3.07
2018-06-06,1.81,1.95,2.13,2.32,2.52,2.65,2.81,2.93,2.97,3.05,3.13
2018-06-07,1.78,1.94,2.12,2.31,2.50,2.63,2.77,2.88,2.93,3.00,3.08
2018-06-08,1.78,1.93,2.12,2.30,2.50,2.63,2.77,2.88,2.93,3.00,3.08
2018-06-11,1.82,1.94,2.11,2.32,2.52,2.66,2.80,2.91,2.96,3.02,3.10
2018-06-12,1.81,1.92,2.10,2.31,2.54,2.67,2.81,2.91,2.96,3.02,3.09
2018-06-13,1.82,1.94,2.09,2.35,2.59,2.71,2.85,2.95,2.98,3.04,3.10
2018-06-14,1.81,1.94,2.07,2.35,2.59,2.69,2.81,2.90,2.94,2.99,3.05
2018-06-15,1.82,1.94,2.07,2.35,2.55,2.68,2.81,2.89,2.93,2.98,3.05
2018-06-18,1.84,1.94,2.13,2.35,2.56,2.67,2.80,2.89,2.92,2.98,3.05
2018-06-19,1.85,1.94,2.13,2.34,2.54,2.64,2.77,2.84,2.89,2.95,3.02
2018-06-20,1.85,1.94,2.14,2.36,2.56,2.67,2.80,2.89,2.93,2.99,3.06
2018-06-21,1.85,1.94,2.12,2.34,2.56,2.65,2.77,2.86,2.90,2.97,3.04
2018-06-22,1.83,1.93,2.11,2.33,2.56,2.65,2.77,2.86,2.90,2.97,3.04
2018-06-25,1.80,1.93,2.13,2.34,2.54,2.63,2.75,2.83,2.87,2.95,3.02
2018-06-26,1.79,1.93,2.14,2.33,2.53,2.63,2.75,2.84,2.88,2.95,3.03
2018-06-27,1.79,1.93,2.10,2.33,2.52,2.59,2.71,2.79,2.83,2.90,2.97
2018-06-28,1.76,1.93,2.11,2.33,2.52,2.60,2.73,2.81,2.84,2.91,2.97
2018-06-29,1.77,1.93,2.11,2.33,2.52,2.63,2.73,2.81,2.85,2.91,2.98
2018-07-02,1.90,1.98,2.14,2.34,2.57,2.65,2.75,2.83,2.87,2.92,2.99
2018-07-03,1.91,1.98,2.12,2.33,2.53,2.63,2.72,2.79,2.83,2.89,2.96
2018-07-04,ND,ND,ND,ND,ND,ND,ND,ND,ND,ND,ND
2018-07-05,1.87,1.96,2.11,2.32,2.55,2.65,2.74,2.80,2.84,2.88,2.95
2018-07-06,1.86,1.97,2.13,2.34,2.53,2.64,2.71,2.78,2.82,2.87,2.94
2018-07-09,1.87,1.98,2.15,2.34,2.57,2.66,2.75,2.82,2.86,2.90,2.96
2018-07-10,1.88,1.99,2.15,2.36,2.59,2.69,2.77,2.83,2.87,2.91,2.97
2018-07-11,1.89,1.97,2.14,2.36,2.58,2.67,2.74,2.82,2.85,2.89,2.95
2018-07-12,1.89,1.98,2.17,2.39,2.60,2.68,2.75,2.83,2.85,2.89,2.95
2018-07-13,1.87,1.98,2.16,2.37,2.59,2.66,2.73,2.80,2.83,2.87,2.94
2018-07-16,1.90,2.01,2.19,2.39,2.59,2.67,2.75,2.82,2.85,2.90,2.96
2018-07-17,1.93,2.02,2.19,2.39,2.62,2.69,2.76,2.83,2.86,2.91,2.97
2018-07-18,1.90,2.00,2.17,2.43,2.60,2.69,2.77,2.84,2.88,2.93,2.99
2018-07-19,1.89,2.00,2.16,2.40,2.60,2.67,2.74,2.81,2.84,2.90,2.96
2018-07-20,1.86,1.99,2.16,2.41,2.60,2.68,2.77,2.85,2.89,2.96,3.03
2018-07-23,1.88,1.99,2.19,2.42,2.64,2.72,2.83,2.92,2.96,3.04,3.10
2018-07-24,1.92,2.02,2.19,2.42,2.63,2.74,2.83,2.91,2.95,3.02,3.08
2018-07-25,1.90,2.01,2.20,2.42,2.66,2.74,2.82,2.90,2.94,3.00,3.06
2018-07-26,1.89,1.99,2.19,2.41,2.69,2.78,2.86,2.95,2.98,3.05,3.10
2018-07-27,1.90,2.00,2.20,2.43,2.67,2.76,2.84,2.92,2.96,3.03,3.09
2018-07-30,1.91,2.04,2.21,2.43,2.66,2.77,2.85,2.94,2.98,3.05,3.11
2018-07-31,1.94,2.03,2.21,2.44,2.67,2.77,2.85,2.92,2.96,3.03,3.08
2018-08-01,1.93,2.03,2.22,2.45,2.67,2.78,2.87,2.96,3.00,3.07,3.13
2018-08-02,1.89,2.02,2.22,2.45,2.66,2.76,2.85,2.93,2.98,3.06,3.12
2018-08-03,1.90,2.01,2.23,2.43,2.63,2.74,2.82,2.91,2.95,3.03,3.09
2018-08-06,1.92,2.05,2.23,2.44,2.64,2.73,2.80,2.89,2.94,3.02,3.08
2018-08-07,1.96,2.06,2.23,2.45,2.68,2.76,2.84,2.92,2.98,3.06,3.12
2018-08-08,1.93,2.06,2.24,2.44,2.68,2.77,2.83,2.92,2.96,3.05,3.12
2018-08-09,1.91,2.06,2.25,2.44,2.64,2.74,2.80,2.89,2.93,3.01,3.08
2018-08-10,1.92,2.05,2.23,2.42,2.61,2.68,2.75,2.82,2.87,2.96,3.03
2018-08-13,1.93,2.06,2.22,2.42,2.61,2.68,2.75,2.82,2.88,2.97,3.05
2018-08-14,1.96,2.08,2.25,2.44,2.63,2.71,2.77,2.84,2.89,2.98,3.06
2018-08-15,1.96,2.07,2.23,2.45,2.61,2.68,2.73,2.81,2.86,2.95,3.03
2018-08-16,1.96,2.07,2.24,2.45,2.63,2.70,2.75,2.82,2.87,2.95,3.03
2018-08-17,1.95,2.05,2.24,2.44,2.61,2.68,2.75,2.82,2.87,2.95,3.03
2018-08-20,1.93,2.06,2.25,2.43,2.60,2.65,2.70,2.77,2.82,2.91,2.99
2018-08-21,1.94,2.08,2.25,2.45,2.61,2.67,2.73,2.80,2.85,2.93,3.00
2018-08-22,1.95,2.09,2.24,2.43,2.60,2.65,2.70,2.77,2.82,2.91,2.99
2018-08-23,1.94,2.08,2.23,2.43,2.61,2.66,2.72,2.78,2.82,2.90,2.97
2018-08-24,1.95,2.09,2.25,2.44,2.63,2.68,2.72,2.78,2.82,2.89,2.97
2018-08-27,1.96,2.12,2.25,2.47,2.67,2.70,2.74,2.81,2.85,2.92,3.00
2018-08-28,1.96,2.13,2.28,2.47,2.67,2.73,2.77,2.84,2.88,2.96,3.03
2018-08-29,1.97,2.13,2.28,2.48,2.67,2.75,2.78,2.85,2.89,2.96,3.02
2018-08-30,1.97,2.11,2.28,2.47,2.64,2.72,2.75,2.82,2.86,2.93,3.00
2018-08-31,1.95,2.11,2.28,2.46,2.62,2.70,2.74,2.81,2.86,2.95,3.02
2018-09-03,ND,ND,ND,ND,ND,ND,ND,ND,ND,ND,ND
2018-09-04,2.00,2.13,2.29,2.49,2.66,2.73,2.78,2.85,2.90,2.99,3.07
2018-09-05,2.00,2.14,2.30,2.49,2.66,2.72,2.77,2.85,2.90,3.00,3.08
2018-09-06,1.98,2.13,2.30,2.50,2.64,2.71,2.76,2.83,2.88,2.98,3.06
2018-09-07,1.98,2.14,2.30,2.53,2.71,2.78,2.82,2.89,2.94,3.03,3.11
2018-09-10,1.98,2.14,2.32,2.54,2.73,2.78,2.83,2.89,2.94,3.02,3.09
2018-09-11,2.02,2.15,2.31,2.55,2.76,2.83,2.87,2.94,2.98,3.06,3.13
2018-09-12,2.01,2.16,2.33,2.56,2.74,2.82,2.87,2.93,2.97,3.04,3.11
2018-09-13,2.01,2.15,2.33,2.55,2.76,2.83,2.87,2.93,2.97,3.04,3.11
2018-09-14,2.02,2.16,2.33,2.56,2.78,2.85,2.90,2.96,2.99,3.07,3.13
2018-09-17,2.02,2.16,2.35,2.57,2.78,2.85,2.89,2.96,2.99,3.07,3.13
2018-09-18,2.05,2.17,2.36,2.58,2.81,2.88,2.94,3.01,3.05,3.14,3.20
2018-09-19,2.03,2.16,2.36,2.58,2.81,2.89,2.96,3.04,3.08,3.16,3.23
2018-09-20,2.03,2.17,2.37,2.58,2.81,2.89,2.96,3.03,3.07,3.15,3.21
2018-09-21,2.05,2.18,2.38,2.58,2.81,2.89,2.95,3.03,3.07,3.14,3.20
2018-09-24,2.07,2.22,2.38,2.60,2.83,2.89,2.96,3.04,3.08,3.15,3.21
2018-09-25,2.12,2.21,2.38,2.59,2.83,2.91,2.99,3.06,3.10,3.17,3.23
2018-09-26,2.11,2.20,2.37,2.58,2.83,2.89,2.96,3.02,3.06,3.14,3.19
2018-09-27,2.10,2.18,2.37,2.58,2.83,2.89,2.96,3.02,3.06,3.13,3.19
2018-09-28,2.12,2.19,2.36,2.59,2.81,2.88,2.94,3.01,3.05,3.13,3.19
2018-10-01,2.13,2.23,2.40,2.60,2.82,2.90,2.96,3.04,3.09,3.18,3.24
2018-10-02,2.14,2.23,2.41,2.61,2.82,2.88,2.94,3.01,3.05,3.14,3.20
2018-10-03,2.15,2.23,2.41,2.62,2.85,2.94,3.02,3.10,3.15,3.24,3.30
2018-10-04,2.16,2.22,2.42,2.63,2.87,2.97,3.05,3.14,3.19,3.29,3.35
2018-10-05,2.15,2.23,2.41,2.64,2.88,2.99,3.07,3.18,3.23,3.34,3.40
2018-10-08,ND,ND,ND,ND,ND,ND,ND,ND,ND,ND,ND
2018-10-09,2.17,2.25,2.46,2.65,2.88,2.98,3.05,3.15,3.21,3.30,3.37
2018-10-10,2.18,2.27,2.45,2.67,2.88,2.97,3.05,3.15,3.22,3.33,3.39
2018-10-11,2.14,2.27,2.44,2.66,2.85,2.94,3.00,3.09,3.14,3.25,3.32
2018-10-12,2.14,2.28,2.44,2.66,2.85,2.93,3.00,3.09,3.15,3.25,3.32
2018-10-15,2.17,2.31,2.47,2.67,2.85,2.94,3.01,3.10,3.16,3.27,3.34
2018-10-16,2.19,2.30,2.46,2.66,2.87,2.95,3.02,3.10,3.16,3.26,3.32
2018-10-17,2.20,2.31,2.47,2.66,2.89,2.97,3.04,3.13,3.19,3.29,3.35
2018-10-18,2.19,2.32,2.47,2.67,2.87,2.95,3.03,3.11,3.17,3.28,3.36
2018-10-19,2.19,2.31,2.48,2.67,2.92,2.99,3.05,3.14,3.20,3.31,3.38
2018-10-22,2.18,2.34,2.49,2.68,2.92,2.99,3.05,3.13,3.20,3.31,3.38
2018-10-23,2.21,2.33,2.48,2.67,2.89,2.95,3.01,3.10,3.17,3.29,3.37
2018-10-24,2.20,2.34,2.47,2.64,2.84,2.89,2.94,3.02,3.10,3.24,3.33
2018-10-25,2.19,2.34,2.47,2.66,2.86,2.92,2.98,3.07,3.14,3.27,3.35
2018-10-26,2.16,2.33,2.47,2.63,2.81,2.85,2.91,3.00,3.08,3.23,3.32
2018-10-29,2.17,2.34,2.49,2.64,2.81,2.86,2.91,3.00,3.08,3.23,3.33
2018-10-30,2.21,2.33,2.48,2.66,2.84,2.90,2.94,3.03,3.12,3.26,3.36
2018-10-31,2.20,2.34,2.49,2.69,2.87,2.93,2.98,3.07,3.15,3.30,3.39
2018-11-01,2.21,2.32,2.49,2.67,2.84,2.91,2.96,3.06,3.14,3.29,3.38
2018-11-02,2.19,2.33,2.50,2.70,2.91,2.98,3.04,3.13,3.22,3.37,3.46
2018-11-05,2.20,2.36,2.51,2.71,2.91,2.99,3.03,3.12,3.20,3.34,3.43
2018-11-06,2.23,2.35,2.52,2.72,2.93,3.01,3.05,3.14,3.22,3.35,3.43
2018-11-07,2.23,2.37,2.51,2.74,2.96,3.03,3.07,3.15,3.22,3.35,3.43
2018-11-08,2.21,2.35,2.52,2.74,2.98,3.05,3.09,3.17,3.24,3.36,3.43
2018-11-09,2.21,2.36,2.52,2.73,2.94,3.01,3.05,3.13,3.19,3.32,3.40
2018-11-12,ND,ND,ND,ND,ND,ND,ND,ND,ND,ND,ND
2018-11-13,2.24,2.38,2.53,2.72,2.89,2.95,2.99,3.07,3.14,3.28,3.36
2018-11-14,2.24,2.38,2.52,2.71,2.86,2.92,2.95,3.04,3.12,3.26,3.35
2018-11-15,2.20,2.37,2.51,2.70,2.86,2.91,2.94,3.02,3.11,3.27,3.36
2018-11-16,2.21,2.36,2.50,2.68,2.81,2.85,2.90,2.99,3.08,3.23,3.33
2018-11-19,2.23,2.38,2.52,2.66,2.79,2.82,2.87,2.97,3.06,3.22,3.32
2018-11-20,2.23,2.39,2.51,2.67,2.79,2.83,2.88,2.97,3.06,3.22,3.31
2018-11-21,2.25,2.41,2.52,2.67,2.81,2.84,2.89,2.98,3.06,3.22,3.31
2018-11-22,ND,ND,ND,ND,ND,ND,ND,ND,ND,ND,ND
2018-11-23,2.25,2.41,2.52,2.67,2.81,2.83,2.88,2.97,3.05,3.21,3.31
2018-11-26,2.24,2.41,2.54,2.70,2.84,2.86,2.90,2.98,3.07,3.22,3.32
2018-11-27,2.31,2.41,2.53,2.70,2.83,2.86,2.89,2.98,3.06,3.22,3.32
2018-11-28,2.31,2.40,2.53,2.69,2.81,2.84,2.87,2.97,3.06,3.23,3.34
2018-11-29,2.31,2.37,2.52,2.69,2.81,2.83,2.85,2.94,3.03,3.21,3.33
2018-11-30,2.31,2.37,2.52,2.70,2.80,2.83,2.84,2.92,3.01,3.19,3.30
2018-12-03,2.30,2.38,2.56,2.72,2.83,2.84,2.83,2.90,2.98,3.15,3.27
2018-12-04,2.37,2.42,2.58,2.71,2.80,2.81,2.79,2.84,2.91,3.05,3.16
2018-12-05,ND,ND,ND,ND,ND,ND,ND,ND,ND,ND,ND
2018-12-06,2.36,2.41,2.56,2.70,2.75,2.76,2.75,2.80,2.87,3.01,3.14
2018-12-07,2.32,2.40,2.54,2.68,2.72,2.72,2.70,2.77,2.85,3.01,3.14
2018-12-10,2.32,2.41,2.54,2.69,2.72,2.73,2.71,2.77,2.85,3.00,3.13
2018-12-11,2.28,2.41,2.55,2.70,2.78,2.78,2.75,2.81,2.89,3.02,3.13
2018-12-12,2.30,2.43,2.56,2.70,2.77,2.78,2.77,2.84,2.91,3.04,3.15
2018-12-13,2.36,2.43,2.56,2.69,2.75,2.76,2.75,2.83,2.91,3.05,3.16
2018-12-14,2.36,2.42,2.56,2.68,2.73,2.72,2.73,2.81,2.89,3.03,3.14
2018-12-17,2.36,2.40,2.54,2.66,2.70,2.68,2.69,2.77,2.86,3.00,3.11
2018-12-18,2.35,2.39,2.53,2.64,2.65,2.64,2.65,2.74,2.82,2.96,3.07
2018-12-19,2.35,2.40,2.54,2.62,2.63,2.61,2.62,2.69,2.77,2.89,3.00
2018-12-20,2.42,2.39,2.55,2.64,2.67,2.65,2.65,2.72,2.79,2.92,3.02
2018-12-21,2.41,2.39,2.54,2.62,2.63,2.61,2.64,2.72,2.79,2.92,3.03
2018-12-24,2.42,2.45,2.52,2.61,2.55,2.56,2.58,2.66,2.74,2.88,3.00
2018-12-25,ND,ND,ND,ND,ND,ND,ND,ND,ND,ND,ND
2018-12-26,2.41,2.44,2.54,2.61,2.61,2.60,2.67,2.74,2.81,2.94,3.06
2018-12-27,2.43,2.41,2.49,2.58,2.56,2.55,2.60,2.68,2.77,2.92,3.05
2018-12-28,2.39,2.40,2.48,2.57,2.52,2.50,2.56,2.63,2.72,2.89,3.04
2018-12-31,2.44,2.45,2.56,2.63,2.48,2.46,2.51,2.59,2.69,2.87,3.02
2019-01-01,ND,ND,ND,ND,ND,ND,ND,ND,ND,ND,ND
2019-01-02,2.40,2.42,2.51,2.60,2.50,2.47,2.49,2.56,2.66,2.83,2.97
2019-01-03,2.42,2.41,2.47,2.50,2.39,2.35,2.37,2.44,2.56,2.75,2.92
2019-01-04,2.40,2.42,2.51,2.57,2.50,2.47,2.49,2.56,2.67,2.83,2.98
2019-01-07,2.42,2.45,2.54,2.58,2.53,2.51,2.53,2.60,2.70,2.86,2.99
2019-01-08,2.40,2.46,2.54,2.60,2.58,2.57,2.58,2.63,2.73,2.88,3.00
2019-01-09,2.40,2.45,2.52,2.59,2.56,2.54,2.57,2.64,2.74,2.90,3.03
2019-01-10,2.42,2.43,2.51,2.59,2.56,2.54,2.56,2.63,2.74,2.92,3.06
2019-01-11,2.41,2.43,2.50,2.58,2.55,2.51,2.52,2.60,2.71,2.90,3.04
2019-01-14,2.42,2.45,2.52,2.57,2.53,2.51,2.53,2.60,2.71,2.91,3.06
2019-01-15,2.41,2.45,2.52,2.57,2.53,2.51,2.53,2.61,2.72,2.92,3.08
2019-01-16,2.41,2.43,2.49,2.57,2.55,2.53,2.54,2.62,2.73,2.92,3.07
2019-01-17,2.41,2.42,2.50,2.57,2.56,2.55,2.58,2.66,2.75,2.93,3.07
2019-01-18,2.40,2.41,2.50,2.60,2.62,2.60,2.62,2.70,2.79,2.95,3.09
2019-01-21,ND,ND,ND,ND,ND,ND,ND,ND,ND,ND,ND
2019-01-22,2.38,2.43,2.51,2.59,2.58,2.55,2.57,2.65,2.74,2.91,3.06
2019-01-23,2.37,2.41,2.51,2.59,2.58,2.57,2.59,2.66,2.76,2.93,3.07
2019-01-24,2.38,2.37,2.50,2.58,2.56,2.54,2.55,2.62,2.72,2.89,3.04
2019-01-25,2.36,2.39,2.51,2.60,2.60,2.58,2.59,2.66,2.76,2.92,3.06
2019-01-28,2.39,2.42,2.51,2.60,2.60,2.58,2.58,2.65,2.75,2.92,3.06
2019-01-29,2.39,2.42,2.51,2.60,2.56,2.54,2.55,2.61,2.72,2.90,3.04
2019-01-30,2.40,2.42,2.50,2.57,2.52,2.49,2.49,2.58,2.70,2.90,3.06
2019-01-31,2.42,2.41,2.46,2.55,2.45,2.43,2.43,2.51,2.63,2.83,2.99
2019-02-01,2.41,2.40,2.46,2.56,2.52,2.50,2.51,2.59,2.70,2.88,3.03
2019-02-04,2.41,2.42,2.49,2.57,2.53,2.52,2.53,2.62,2.73,2.92,3.06
2019-02-05,2.39,2.42,2.50,2.56,2.53,2.50,2.51,2.60,2.71,2.89,3.03
2019-02-06,2.40,2.42,2.50,2.56,2.52,2.50,2.50,2.59,2.70,2.88,3.03
2019-02-07,2.43,2.42,2.49,2.55,2.48,2.46,2.46,2.54,2.65,2.85,3.00
2019-02-08,2.43,2.43,2.49,2.54,2.45,2.43,2.44,2.53,2.63,2.82,2.97
2019-02-11,2.44,2.45,2.51,2.55,2.48,2.47,2.47,2.56,2.65,2.85,3.00
2019-02-12,2.42,2.43,2.50,2.55,2.50,2.48,2.49,2.58,2.68,2.87,3.02
2019-02-13,2.42,2.44,2.51,2.55,2.53,2.52,2.53,2.61,2.71,2.89,3.04
2019-02-14,2.45,2.43,2.51,2.53,2.50,2.48,2.48,2.56,2.66,2.85,3.01
2019-02-15,2.43,2.43,2.50,2.55,2.52,2.50,2.49,2.57,2.66,2.84,3.00
2019-02-18,ND,ND,ND,ND,ND,ND,ND,ND,ND,ND,ND
2019-02-19,2.44,2.45,2.52,2.54,2.50,2.47,2.47,2.55,2.65,2.84,2.99
2019-02-20,2.41,2.45,2.51,2.54,2.50,2.47,2.47,2.55,2.65,2.84,3.00
2019-02-21,2.43,2.45,2.51,2.55,2.53,2.49,2.51,2.59,2.69,2.89,3.05
2019-02-22,2.43,2.46,2.51,2.55,2.48,2.46,2.47,2.55,2.65,2.86,3.02
2019-02-25,2.44,2.47,2.51,2.56,2.51,2.48,2.48,2.57,2.67,2.87,3.03
2019-02-26,2.43,2.45,2.51,2.55,2.48,2.44,2.45,2.54,2.64,2.84,3.01
2019-02-27,2.43,2.45,2.52,2.54,2.50,2.48,2.49,2.59,2.69,2.91,3.07
2019-02-28,2.44,2.45,2.50,2.54,2.52,2.50,2.52,2.63,2.73,2.94,3.09
2019-03-01,2.44,2.44,2.52,2.55,2.55,2.54,2.56,2.67,2.76,2.97,3.13
2019-03-04,2.45,2.46,2.54,2.54,2.55,2.52,2.53,2.63,2.72,2.93,3.09
2019-03-05,2.44,2.46,2.53,2.54,2.55,2.52,2.53,2.63,2.72,2.93,3.08
2019-03-06,2.43,2.47,2.53,2.54,2.52,2.49,2.49,2.59,2.69,2.90,3.06
2019-03-07,2.45,2.45,2.52,2.52,2.47,2.44,2.44,2.54,2.64,2.86,3.03
2019-03-08,2.45,2.46,2.52,2.53,2.45,2.43,2.42,2.51,2.62,2.83,3.00
2019-03-11,2.44,2.46,2.54,2.53,2.47,2.45,2.44,2.53,2.64,2.86,3.03
2019-03-12,2.44,2.46,2.53,2.52,2.45,2.41,2.41,2.50,2.61,2.82,3.00
2019-03-13,2.43,2.45,2.53,2.53,2.45,2.41,2.42,2.51,2.61,2.82,3.02
2019-03-14,2.48,2.45,2.52,2.52,2.46,2.42,2.43,2.53,2.63,2.86,3.04
2019-03-15,2.46,2.45,2.52,2.52,2.43,2.39,2.40,2.49,2.59,2.83,3.02
2019-03-18,2.47,2.44,2.51,2.52,2.45,2.41,2.42,2.51,2.60,2.83,3.01
2019-03-19,2.46,2.46,2.52,2.50,2.46,2.42,2.42,2.51,2.61,2.84,3.02
2019-03-20,2.45,2.48,2.49,2.47,2.40,2.34,2.34,2.44,2.54,2.79,2.98
2019-03-21,2.51,2.49,2.50,2.48,2.41,2.34,2.34,2.44,2.54,2.78,2.96
2019-03-22,2.49,2.46,2.48,2.45,2.31,2.24,2.24,2.34,2.44,2.69,2.88
2019-03-25,2.47,2.46,2.49,2.41,2.26,2.19,2.21,2.32,2.43,2.68,2.87
2019-03-26,2.46,2.46,2.49,2.44,2.24,2.18,2.18,2.29,2.41,2.67,2.86
2019-03-27,2.45,2.44,2.46,2.40,2.22,2.16,2.18,2.28,2.39,2.63,2.83
2019-03-28,2.44,2.43,2.44,2.40,2.23,2.18,2.20,2.29,2.39,2.62,2.81
2019-03-29,2.43,2.40,2.44,2.40,2.27,2.21,2.23,2.31,2.41,2.63,2.81
2019-04-01,2.42,2.43,2.46,2.41,2.33,2.29,2.31,2.40,2.49,2.71,2.89
2019-04-02,2.43,2.42,2.45,2.41,2.30,2.26,2.28,2.38,2.48,2.70,2.88
2019-04-03,2.42,2.44,2.45,2.41,2.33,2.29,2.32,2.42,2.52,2.75,2.93
2019-04-04,2.43,2.44,2.46,2.41,2.33,2.29,2.32,2.41,2.51,2.74,2.92
2019-04-05,2.42,2.44,2.46,2.43,2.35,2.30,2.31,2.40,2.50,2.72,2.91
2019-04-08,2.43,2.43,2.48,2.43,2.36,2.31,2.33,2.42,2.52,2.74,2.93
2019-04-09,2.42,2.42,2.46,2.42,2.35,2.31,2.31,2.40,2.51,2.73,2.92
2019-04-10,2.40,2.43,2.46,2.41,2.31,2.27,2.28,2.37,2.48,2.71,2.90
2019-04-11,2.42,2.43,2.46,2.44,2.35,2.30,2.31,2.40,2.51,2.74,2.94
2019-04-12,2.41,2.44,2.47,2.44,2.40,2.36,2.38,2.47,2.56,2.78,2.97
2019-04-15,2.42,2.43,2.46,2.43,2.40,2.36,2.37,2.46,2.55,2.77,2.96
2019-04-16,2.43,2.43,2.47,2.45,2.41,2.38,2.41,2.50,2.60,2.81,2.99
2019-04-17,2.43,2.44,2.47,2.44,2.40,2.37,2.40,2.49,2.59,2.81,2.99
2019-04-18,2.44,2.42,2.47,2.44,2.38,2.36,2.38,2.46,2.57,2.78,2.96
2019-04-19,ND,ND,ND,ND,ND,ND,ND,ND,ND,ND,ND
2019-04-22,2.44,2.44,2.47,2.46,2.38,2.36,2.39,2.49,2.59,2.82,2.99
2019-04-23,2.43,2.45,2.46,2.43,2.36,2.34,2.36,2.46,2.57,2.81,2.98
2019-04-24,2.42,2.44,2.46,2.42,2.32,2.28,2.32,2.41,2.53,2.76,2.94
2019-04-25,2.43,2.43,2.46,2.42,2.33,2.29,2.33,2.42,2.54,2.76,2.94
2019-04-26,2.42,2.42,2.46,2.41,2.28,2.25,2.29,2.39,2.51,2.74,2.92
2019-04-29,2.45,2.44,2.47,2.42,2.30,2.27,2.32,2.42,2.54,2.78,2.96
2019-04-30,2.43,2.43,2.46,2.39,2.27,2.24,2.28,2.39,2.51,2.75,2.93
2019-05-01,2.42,2.43,2.44,2.39,2.31,2.28,2.31,2.41,2.52,2.74,2.92
2019-05-02,2.44,2.47,2.46,2.41,2.35,2.32,2.34,2.44,2.55,2.77,2.94
2019-05-03,2.42,2.43,2.46,2.41,2.33,2.30,2.33,2.43,2.54,2.75,2.93
2019-05-06,2.43,2.44,2.46,2.39,2.31,2.27,2.30,2.40,2.51,2.73,2.91
2019-05-07,2.44,2.43,2.46,2.37,2.28,2.24,2.25,2.35,2.45,2.68,2.86
2019-05-08,2.42,2.43,2.45,2.37,2.30,2.26,2.28,2.38,2.49,2.71,2.89
2019-05-09,2.43,2.43,2.46,2.36,2.26,2.22,2.25,2.34,2.45,2.69,2.87
2019-05-10,2.42,2.43,2.45,2.36,2.26,2.23,2.26,2.37,2.47,2.70,2.89
2019-05-13,2.41,2.41,2.42,2.32,2.18,2.15,2.18,2.28,2.40,2.65,2.83
2019-05-14,2.41,2.41,2.43,2.32,2.20,2.17,2.20,2.30,2.42,2.67,2.86
2019-05-15,2.40,2.42,2.43,2.30,2.16,2.12,2.15,2.25,2.37,2.63,2.82
2019-05-16,2.40,2.40,2.43,2.33,2.20,2.15,2.18,2.28,2.40,2.65,2.84
2019-05-17,2.39,2.39,2.42,2.33,2.20,2.15,2.17,2.27,2.39,2.63,2.82
2019-05-20,2.39,2.39,2.42,2.34,2.21,2.17,2.21,2.30,2.41,2.65,2.83
2019-05-21,2.37,2.39,2.42,2.36,2.26,2.20,2.23,2.33,2.43,2.67,2.84
2019-05-22,2.36,2.38,2.41,2.37,2.23,2.17,2.19,2.28,2.39,2.64,2.82
2019-05-23,2.38,2.37,2.40,2.32,2.12,2.08,2.11,2.20,2.31,2.56,2.75
2019-05-24,2.37,2.35,2.39,2.33,2.16,2.10,2.12,2.22,2.32,2.57,2.75
2019-05-27,ND,ND,ND,ND,ND,ND,ND,ND,ND,ND,ND
2019-05-28,2.35,2.37,2.38,2.31,2.12,2.06,2.06,2.16,2.26,2.52,2.70
2019-05-29,2.35,2.37,2.38,2.30,2.09,2.04,2.05,2.16,2.25,2.50,2.69
2019-05-30,2.37,2.38,2.40,2.29,2.06,2.00,2.03,2.12,2.22,2.46,2.65
2019-05-31,2.35,2.35,2.35,2.21,1.95,1.90,1.93,2.03,2.14,2.39,2.58
2019-06-03,2.36,2.35,2.31,2.11,1.82,1.79,1.83,1.95,2.07,2.34,2.53
2019-06-04,2.34,2.35,2.29,2.11,1.88,1.84,1.89,2.01,2.12,2.41,2.60
2019-06-05,2.31,2.35,2.25,2.04,1.83,1.81,1.86,2.00,2.12,2.42,2.63
2019-06-06,2.32,2.33,2.22,2.02,1.88,1.85,1.88,2.01,2.12,2.42,2.62
2019-06-07,2.30,2.28,2.15,1.97,1.85,1.82,1.85,1.97,2.09,2.36,2.57
2019-06-10,2.30,2.29,2.21,2.03,1.90,1.87,1.91,2.03,2.15,2.42,2.62
2019-06-11,2.27,2.27,2.21,2.05,1.93,1.87,1.92,2.03,2.15,2.42,2.62
2019-06-12,2.19,2.24,2.20,2.02,1.88,1.83,1.88,2.00,2.13,2.41,2.62
2019-06-13,2.24,2.19,2.18,2.00,1.83,1.78,1.84,1.96,2.10,2.39,2.61
2019-06-14,2.23,2.20,2.18,2.00,1.84,1.79,1.85,1.96,2.09,2.38,2.59
2019-06-17,2.22,2.23,2.20,2.03,1.86,1.80,1.85,1.96,2.09,2.37,2.58
2019-06-18,2.18,2.22,2.20,2.04,1.86,1.80,1.83,1.93,2.06,2.34,2.55
2019-06-19,2.14,2.18,2.11,1.96,1.74,1.70,1.77,1.89,2.03,2.32,2.54
2019-06-20,2.17,2.14,2.04,1.91,1.72,1.69,1.74,1.87,2.01,2.31,2.53
2019-06-21,2.16,2.11,2.05,1.95,1.77,1.74,1.80,1.93,2.07,2.37,2.59
2019-06-24,2.12,2.13,2.10,1.92,1.72,1.69,1.75,1.88,2.02,2.33,2.55
2019-06-25,2.11,2.12,2.10,1.93,1.71,1.67,1.73,1.86,2.00,2.31,2.53
2019-06-26,2.11,2.15,2.12,1.96,1.77,1.74,1.80,1.92,2.05,2.35,2.57
2019-06-27,2.19,2.14,2.12,1.93,1.74,1.71,1.76,1.88,2.01,2.31,2.52
2019-06-28,2.18,2.12,2.09,1.92,1.75,1.71,1.76,1.87,2.00,2.31,2.52
2019-07-01,2.17,2.21,2.10,1.94,1.78,1.74,1.79,1.90,2.03,2.34,2.55
2019-07-02,2.21,2.20,2.09,1.91,1.77,1.71,1.75,1.85,1.98,2.29,2.51
2019-07-03,2.25,2.21,2.08,1.91,1.77,1.71,1.74,1.83,1.96,2.25,2.47
2019-07-04,ND,ND,ND,ND,ND,ND,ND,ND,ND,ND,ND
2019-07-05,2.26,2.23,2.14,1.98,1.87,1.82,1.84,1.93,2.04,2.34,2.54
2019-07-08,2.23,2.26,2.14,1.99,1.88,1.84,1.86,1.94,2.05,2.32,2.53
2019-07-09,2.22,2.26,2.15,2.00,1.92,1.88,1.88,1.96,2.07,2.34,2.54
2019-07-10,2.18,2.20,2.07,1.93,1.82,1.79,1.82,1.93,2.07,2.36,2.57
2019-07-11,2.17,2.17,2.08,1.97,1.85,1.84,1.88,1.99,2.13,2.42,2.65
2019-07-12,2.16,2.14,2.07,1.96,1.84,1.81,1.86,1.98,2.12,2.42,2.64
2019-07-15,2.17,2.16,2.06,1.95,1.83,1.80,1.84,1.96,2.09,2.39,2.61
2019-07-16,2.16,2.15,2.06,2.00,1.87,1.84,1.88,2.00,2.13,2.42,2.63
2019-07-17,2.13,2.14,2.04,1.95,1.83,1.80,1.83,1.94,2.06,2.35,2.57
2019-07-18,2.11,2.05,2.01,1.90,1.77,1.74,1.78,1.89,2.04,2.34,2.56
2019-07-19,2.11,2.06,2.03,1.94,1.80,1.77,1.80,1.91,2.05,2.35,2.57
2019-07-22,2.13,2.09,2.08,1.95,1.80,1.77,1.80,1.92,2.05,2.36,2.58
2019-07-23,2.12,2.06,2.09,1.97,1.83,1.79,1.83,1.94,2.08,2.38,2.61
2019-07-24,2.10,2.10,2.08,1.98,1.83,1.79,1.82,1.93,2.05,2.36,2.58
2019-07-25,2.16,2.10,2.08,1.99,1.86,1.83,1.85,1.95,2.08,2.38,2.60
2019-07-26,2.13,2.12,2.10,2.00,1.86,1.83,1.85,1.95,2.08,2.38,2.59
2019-07-29,2.12,2.12,2.10,1.98,1.85,1.81,1.84,1.93,2.06,2.37,2.59
2019-07-30,2.07,2.08,2.07,1.97,1.85,1.82,1.84,1.93,2.06,2.36,2.58
2019-07-31,2.01,2.08,2.10,2.00,1.89,1.84,1.84,1.92,2.02,2.31,2.53
2019-08-01,2.11,2.07,2.04,1.88,1.73,1.67,1.68,1.77,1.90,2.21,2.44
2019-08-02,2.11,2.06,2.02,1.85,1.72,1.67,1.66,1.75,1.86,2.16,2.39
2019-08-05,2.07,2.05,1.99,1.78,1.59,1.55,1.55,1.63,1.75,2.07,2.30
2019-08-06,2.05,2.05,2.00,1.80,1.60,1.54,1.53,1.62,1.73,2.03,2.25
2019-08-07,2.02,2.02,1.95,1.75,1.59,1.51,1.52,1.60,1.71,2.01,2.22
2019-08-08,2.09,2.02,1.96,1.79,1.62,1.54,1.54,1.62,1.72,2.02,2.25
2019-08-09,2.05,2.00,1.95,1.78,1.63,1.58,1.57,1.65,1.74,2.03,2.26
2019-08-12,2.09,2.00,1.94,1.75,1.58,1.51,1.49,1.56,1.65,1.92,2.14
2019-08-13,2.05,2.00,1.96,1.86,1.66,1.60,1.57,1.62,1.68,1.94,2.15
2019-08-14,1.98,1.96,1.92,1.79,1.58,1.53,1.51,1.55,1.59,1.84,2.03
2019-08-15,2.08,1.91,1.86,1.72,1.48,1.44,1.42,1.47,1.52,1.80,1.98
2019-08-16,2.05,1.87,1.85,1.71,1.48,1.44,1.42,1.49,1.55,1.82,2.01
2019-08-19,2.06,1.94,1.90,1.75,1.53,1.49,1.47,1.54,1.60,1.88,2.08
2019-08-20,2.05,1.94,1.89,1.72,1.50,1.44,1.42,1.49,1.55,1.84,2.04
2019-08-21,2.03,1.97,1.90,1.77,1.56,1.50,1.47,1.54,1.59,1.87,2.07
2019-08-22,2.10,2.00,1.91,1.79,1.61,1.53,1.50,1.56,1.62,1.90,2.11
2019-08-23,2.07,1.97,1.87,1.73,1.51,1.43,1.40,1.46,1.52,1.82,2.02
2019-08-26,2.09,2.01,1.90,1.75,1.54,1.47,1.43,1.49,1.54,1.84,2.04
2019-08-27,2.07,1.98,1.94,1.77,1.53,1.43,1.40,1.44,1.49,1.77,1.97
2019-08-28,2.07,1.99,1.89,1.74,1.50,1.42,1.37,1.42,1.47,1.76,1.94
2019-08-29,2.10,1.99,1.89,1.75,1.53,1.44,1.40,1.46,1.50,1.78,1.97
2019-08-30,2.10,1.99,1.89,1.76,1.50,1.42,1.39,1.45,1.50,1.78,1.96
2019-09-02,ND,ND,ND,ND,ND,ND,ND,ND,ND,ND,ND
2019-09-03,2.06,1.98,1.88,1.72,1.47,1.38,1.35,1.42,1.47,1.77,1.95
2019-09-04,2.05,1.97,1.87,1.69,1.43,1.36,1.32,1.40,1.47,1.77,1.97
2019-09-05,2.05,1.97,1.88,1.73,1.55,1.47,1.43,1.51,1.57,1.86,2.06
2019-09-06,2.05,1.96,1.88,1.73,1.53,1.46,1.42,1.50,1.55,1.83,2.02
2019-09-09,2.04,1.96,1.87,1.74,1.58,1.52,1.49,1.57,1.63,1.91,2.11
2019-09-10,2.04,1.95,1.89,1.81,1.67,1.61,1.58,1.66,1.72,2.00,2.19
2019-09-11,2.01,1.96,1.88,1.79,1.68,1.62,1.60,1.68,1.75,2.02,2.22
2019-09-12,1.99,1.95,1.90,1.82,1.72,1.67,1.65,1.72,1.79,2.06,2.22
2019-09-13,1.99,1.96,1.92,1.88,1.79,1.76,1.75,1.83,1.90,2.17,2.37
2019-09-16,2.08,1.99,1.93,1.86,1.74,1.71,1.69,1.77,1.84,2.11,2.31
2019-09-17,2.10,1.99,1.93,1.87,1.72,1.68,1.66,1.75,1.81,2.08,2.27
2019-09-18,1.94,1.95,1.91,1.87,1.77,1.72,1.68,1.76,1.80,2.06,2.25
2019-09-19,2.01,1.93,1.92,1.88,1.74,1.68,1.66,1.73,1.79,2.04,2.22
2019-09-20,1.95,1.91,1.91,1.84,1.69,1.63,1.61,1.68,1.74,1.99,2.17
2019-09-23,1.94,1.94,1.93,1.81,1.68,1.61,1.59,1.65,1.72,1.98,2.16
2019-09-24,1.90,1.92,1.91,1.78,1.60,1.53,1.52,1.58,1.64,1.91,2.09
2019-09-25,1.80,1.89,1.90,1.82,1.68,1.61,1.60,1.66,1.73,1.99,2.18
2019-09-26,1.91,1.83,1.88,1.79,1.66,1.61,1.59,1.65,1.70,1.96,2.15
2019-09-27,1.90,1.80,1.85,1.74,1.63,1.58,1.56,1.62,1.69,1.95,2.13
2019-09-30,1.91,1.88,1.83,1.75,1.63,1.56,1.55,1.62,1.68,1.94,2.12
2019-10-01,1.79,1.82,1.81,1.73,1.56,1.51,1.51,1.59,1.65,1.93,2.11
2019-10-02,1.75,1.79,1.75,1.67,1.48,1.43,1.43,1.53,1.60,1.90,2.09
2019-10-03,1.78,1.70,1.66,1.58,1.39,1.34,1.34,1.45,1.54,1.85,2.04
2019-10-04,1.73,1.71,1.65,1.58,1.40,1.35,1.34,1.43,1.52,1.81,2.01
2019-10-07,1.76,1.75,1.73,1.64,1.46,1.41,1.38,1.47,1.56,1.85,2.05
2019-10-08,1.69,1.72,1.69,1.62,1.42,1.38,1.36,1.45,1.54,1.84,2.04
2019-10-09,1.69,1.69,1.69,1.59,1.47,1.43,1.40,1.50,1.59,1.88,2.08
2019-10-10,1.74,1.68,1.68,1.63,1.53,1.49,1.48,1.57,1.67,1.96,2.16
2019-10-11,1.76,1.68,1.68,1.67,1.63,1.60,1.59,1.68,1.76,2.04,2.22
2019-10-14,ND,ND,ND,ND,ND,ND,ND,ND,ND,ND,ND
2019-10-15,1.74,1.67,1.67,1.65,1.61,1.60,1.59,1.68,1.77,2.06,2.23
2019-10-16,1.71,1.66,1.64,1.59,1.58,1.57,1.57,1.65,1.75,2.05,2.23
2019-10-17,1.74,1.66,1.63,1.59,1.60,1.57,1.57,1.66,1.76,2.05,2.24
2019-10-18,1.75,1.66,1.63,1.58,1.58,1.56,1.56,1.66,1.76,2.06,2.25
2019-10-21,1.76,1.67,1.65,1.59,1.62,1.59,1.61,1.70,1.80,2.10,2.28
2019-10-22,1.75,1.65,1.64,1.59,1.60,1.59,1.60,1.68,1.78,2.07,2.26
2019-10-23,1.74,1.65,1.64,1.58,1.58,1.58,1.58,1.67,1.77,2.06,2.25
2019-10-24,1.75,1.67,1.65,1.59,1.58,1.58,1.58,1.67,1.77,2.08,2.26
2019-10-25,1.73,1.66,1.66,1.60,1.63,1.62,1.62,1.71,1.80,2.10,2.29
2019-10-28,1.74,1.65,1.65,1.60,1.64,1.65,1.66,1.75,1.85,2.16,2.34
2019-10-29,1.66,1.63,1.64,1.59,1.64,1.65,1.66,1.74,1.84,2.15,2.33
2019-10-30,1.61,1.62,1.62,1.59,1.61,1.60,1.61,1.69,1.78,2.08,2.26
2019-10-31,1.59,1.54,1.57,1.53,1.52,1.52,1.51,1.60,1.69,2.00,2.17
2019-11-01,1.58,1.52,1.55,1.53,1.56,1.55,1.55,1.63,1.73,2.03,2.21
2019-11-04,1.58,1.53,1.57,1.56,1.60,1.59,1.60,1.69,1.79,2.10,2.27
2019-11-05,1.56,1.56,1.58,1.62,1.63,1.63,1.66,1.77,1.86,2.17,2.34
2019-11-06,1.55,1.56,1.57,1.58,1.61,1.60,1.63,1.73,1.81,2.13,2.30
2019-11-07,1.57,1.56,1.58,1.58,1.68,1.70,1.74,1.84,1.92,2.24,2.40
2019-11-08,1.56,1.55,1.58,1.58,1.68,1.70,1.74,1.86,1.94,2.27,2.43
2019-11-11,ND,ND,ND,ND,ND,ND,ND,ND,ND,ND,ND
2019-11-12,1.56,1.59,1.59,1.58,1.66,1.69,1.73,1.84,1.92,2.24,2.39
2019-11-13,1.56,1.57,1.59,1.57,1.63,1.65,1.69,1.79,1.88,2.20,2.36
2019-11-14,1.59,1.57,1.58,1.55,1.58,1.59,1.63,1.73,1.82,2.15,2.31
2019-11-15,1.59,1.57,1.59,1.54,1.61,1.61,1.65,1.75,1.84,2.16,2.31
2019-11-18,1.59,1.57,1.58,1.54,1.60,1.59,1.63,1.73,1.81,2.14,2.30
2019-11-19,1.58,1.57,1.58,1.54,1.60,1.59,1.63,1.71,1.79,2.11,2.26
2019-11-20,1.57,1.57,1.58,1.54,1.56,1.55,1.58,1.66,1.73,2.05,2.20
2019-11-21,1.57,1.58,1.59,1.55,1.60,1.59,1.62,1.71,1.77,2.09,2.24
2019-11-22,1.58,1.58,1.59,1.56,1.61,1.60,1.62,1.71,1.77,2.08,2.22
2019-11-25,1.60,1.61,1.61,1.58,1.61,1.60,1.62,1.71,1.76,2.07,2.21
2019-11-26,1.63,1.60,1.62,1.59,1.58,1.58,1.58,1.68,1.74,2.04,2.18
2019-11-27,1.65,1.62,1.63,1.60,1.63,1.61,1.63,1.71,1.77,2.06,2.19
2019-11-28,ND,ND,ND,ND,ND,ND,ND,ND,ND,ND,ND
2019-11-29,1.62,1.59,1.63,1.60,1.61,1.61,1.62,1.73,1.78,2.07,2.21
2019-12-02,1.60,1.60,1.62,1.60,1.61,1.63,1.65,1.77,1.83,2.15,2.28
2019-12-03,1.56,1.57,1.57,1.57,1.53,1.54,1.54,1.65,1.72,2.03,2.17
2019-12-04,1.59,1.55,1.56,1.56,1.58,1.58,1.60,1.71,1.77,2.08,2.22
2019-12-05,1.52,1.54,1.55,1.56,1.58,1.60,1.62,1.73,1.80,2.11,2.24
2019-12-06,1.52,1.53,1.56,1.57,1.61,1.64,1.67,1.78,1.84,2.14,2.29
2019-12-09,1.54,1.54,1.58,1.56,1.63,1.63,1.67,1.77,1.83,2.13,2.27
2019-12-10,1.53,1.56,1.57,1.56,1.65,1.67,1.68,1.78,1.85,2.12,2.26
2019-12-11,1.54,1.57,1.58,1.55,1.61,1.62,1.64,1.74,1.79,2.08,2.23
2019-12-12,1.57,1.56,1.57,1.55,1.66,1.69,1.73,1.84,1.90,2.18,2.32
2019-12-13,1.55,1.57,1.56,1.54,1.61,1.62,1.66,1.76,1.82,2.11,2.26
2019-12-16,1.57,1.57,1.58,1.54,1.65,1.67,1.72,1.82,1.89,2.17,2.30
2019-12-17,1.56,1.56,1.58,1.53,1.63,1.66,1.71,1.82,1.89,2.18,2.31
2019-12-18,1.56,1.56,1.58,1.54,1.63,1.67,1.74,1.86,1.92,2.22,2.35
2019-12-19,1.54,1.57,1.57,1.52,1.62,1.65,1.73,1.84,1.92,2.21,2.35
2019-12-20,1.57,1.58,1.58,1.52,1.63,1.67,1.73,1.84,1.92,2.21,2.34
2019-12-23,1.57,1.59,1.60,1.53,1.64,1.67,1.75,1.86,1.93,2.22,2.35
2019-12-24,1.55,1.58,1.61,1.53,1.62,1.64,1.72,1.83,1.90,2.20,2.33
2019-12-25,ND,ND,ND,ND,ND,ND,ND,ND,ND,ND,ND
2019-12-26,1.59,1.58,1.61,1.53,1.64,1.65,1.72,1.85,1.90,2.19,2.33
2019-12-27,1.56,1.57,1.59,1.51,1.59,1.60,1.68,1.80,1.88,2.18,2.32
2019-12-30,1.51,1.57,1.60,1.57,1.58,1.59,1.68,1.81,1.90,2.21,2.34
2019-12-31,1.48,1.55,1.60,1.59,1.58,1.62,1.69,1.83,1.92,2.25,2.39
2020-01-01,ND,ND,ND,ND,ND,ND,ND,ND,ND,ND,ND
2020-01-02,1.53,1.54,1.57,1.56,1.58,1.59,1.67,1.79,1.88,2.19,2.33
2020-01-03,1.52,1.52,1.55,1.55,1.53,1.54,1.59,1.71,1.80,2.11,2.26
2020-01-06,1.54,1.56,1.56,1.54,1.54,1.56,1.61,1.72,1.81,2.13,2.28
2020-01-07,1.52,1.54,1.56,1.53,1.54,1.55,1.62,1.74,1.83,2.16,2.31
2020-01-08,1.50,1.54,1.56,1.55,1.58,1.61,1.67,1.78,1.87,2.21,2.35
2020-01-09,1.53,1.54,1.56,1.54,1.58,1.59,1.65,1.77,1.85,2.17,2.38
2020-01-10,1.52,1.54,1.55,1.53,1.56,1.59,1.63,1.74,1.83,2.14,2.28
2020-01-13,1.54,1.57,1.57,1.53,1.58,1.60,1.65,1.76,1.85,2.16,2.30
2020-01-14,1.53,1.57,1.57,1.53,1.58,1.59,1.63,1.74,1.82,2.12,2.27
2020-01-15,1.53,1.57,1.58,1.54,1.56,1.56,1.60,1.71,1.79,2.09,2.23
2020-01-16,1.54,1.55,1.56,1.54,1.58,1.58,1.63,1.73,1.81,2.11,2.26
2020-01-17,1.54,1.56,1.57,1.56,1.58,1.56,1.63,1.74,1.84,2.16,2.29
2020-01-20,ND,ND,ND,ND,ND,ND,ND,ND,ND,ND,ND
2020-01-21,1.52,1.56,1.57,1.54,1.53,1.53,1.57,1.69,1.78,2.10,2.23
2020-01-22,1.52,1.55,1.56,1.55,1.53,1.52,1.57,1.68,1.77,2.07,2.22
2020-01-23,1.55,1.55,1.56,1.55,1.51,1.51,1.55,1.65,1.74,2.03,2.18
2020-01-24,1.54,1.54,1.55,1.55,1.49,1.48,1.51,1.61,1.70,2.00,2.14
2020-01-27,1.53,1.55,1.57,1.53,1.44,1.41,1.44,1.52,1.61,1.91,2.05
2020-01-28,1.53,1.57,1.58,1.53,1.45,1.45,1.47,1.56,1.65,1.95,2.10
2020-01-29,1.52,1.56,1.57,1.51,1.42,1.39,1.41,1.51,1.60,1.89,2.05
2020-01-30,1.59,1.57,1.57,1.48,1.41,1.37,1.39,1.49,1.57,1.88,2.04
2020-01-31,1.56,1.55,1.54,1.45,1.33,1.30,1.32,1.42,1.51,1.83,1.99