"","DATE","USEPUINDXM","FEDFUNDS","CPALTT01USM659N","UNRATE","INDPRO","DIFF","unemployment_growth","cpi_growth","rate_diff","INDPRO_growth","cpi_diff","uncertainty_growth"
"1",1985-02-01,99.02081,8.5,3.515625,7.2,56.3323,45,-1.37933221323359,-0.489477237673386,0.15,0.342307448633417,-0.0172503680078702,-23.4780012913355
"2",1985-03-01,112.19051,8.58,3.70370370370371,7.2,56.4232,44,0,5.21160011390158,0.0800000000000001,0.161233855008813,0.18807870370371,12.4868378340801
"3",1985-04-01,102.81133,8.27,3.68574199806014,7.3,56.2693,43,1.37933221323359,-0.486145828624562,-0.31,-0.273132809506293,-0.0179617056435699,-8.73028474505135
"4",1985-05-01,120.08273,7.97,3.77176015473887,7.2,56.3488,42,-1.37933221323359,2.30699153518428,-0.3,0.141185143783762,0.0860181566787301,15.5285360954482
"5",1985-06-01,132.71318,7.53,3.76084860173579,7.4,56.3901,41,2.73989741881147,-0.289715316114703,-0.44,0.0732666397268211,-0.0109115530030803,10.0009336274316
"6",1985-07-01,128.00182,7.88,3.55427473583095,7.4,56.0234,40,0,-5.64935938708622,0.35,-0.652415058156741,-0.20657386590484,-3.61457756159957
"7",1985-08-01,126.76611,7.9,3.34928229665073,7.1,56.2555,39,-4.13852161628545,-5.94049469387548,0.0200000000000005,0.41343534823497,-0.20499243918022,-0.970074758211936
"8",1985-09-01,126.76856,7.92,3.14285714285714,7.1,56.4983,38,0,-6.36137787755955,0.0199999999999996,0.430673512178004,-0.20642515379359,0.00193267453330037
"9",1985-10-01,116.05771,7.99,3.22886989553656,7.1,56.2648,37,0,2.69998941672749,0.0700000000000003,-0.414143161617009,0.0860127526794199,-8.82754943374762
"10",1985-11-01,122.03687,8.05,3.51377018043685,7,56.4549,36,-1.41846349919565,8.45573880280646,0.0600000000000005,0.337297172064233,0.28490028490029,5.02356447965564
"11",1985-12-01,133.24391,8.27,3.79867046533714,7,57.0458,35,0,7.7961541469713,0.219999999999999,1.04123646575003,0.28490028490029,8.785814624596
"12",1986-01-01,155.93292,8.14,3.88625592417062,6.7,57.3104,34,-4.38026226583927,2.27950788141791,-0.129999999999999,0.462765415787914,0.0875854588334799,15.7244556336241
"13",1986-02-01,159.46768,7.86,3.11320754716981,7.2,56.9344,33,7.19734996250891,-22.1792646433775,-0.28,-0.658238025015123,-0.77304837700081,2.24153536901461
"14",1986-03-01,160.19809,7.48,2.25563909774437,7.2,56.542,32,0,-32.2220213914007,-0.38,-0.691600304690088,-0.85756844942544,0.456984350325751
"15",1986-04-01,150.36626,6.99,1.59027128157158,7.1,56.5599,31,-1.39862419747399,-34.9528727415178,-0.49,0.0316528725856635,-0.66536781617279,-6.33370607239572
"16",1986-05-01,132.63791,6.85,1.49114631873253,7.2,56.6823,30,1.39862419747399,-6.43594534220964,-0.140000000000001,0.216173913374629,-0.09912496283905,-12.5451116915698
"17",1986-06-01,122.51178,6.92,1.76579925650557,7.2,56.4976,29,0,16.9058258835621,0.0700000000000003,-0.326383331247637,0.27465293777304,-7.94157457000777
"18",1986-07-01,132.11963,6.56,1.57699443413729,7,56.814,28,-2.81708769666964,-11.3082645857434,-0.36,0.558461485533979,-0.18880482236828,7.55006114075618
"19",1986-08-01,127.55249,6.17,1.57407407407406,6.9,56.7381,27,-1.43887374520995,-0.185356864933101,-0.39,-0.133683148622588,-0.00292036006322993,-3.51798338808118
"20",1986-09-01,132.01833,5.89,1.75438596491229,7,56.8532,26,1.43887374520995,10.8451708227513,-0.28,0.202656434766801,0.18031189083823,3.44128104286243
"21",1986-10-01,111.50926,5.85,1.4719411223551,7,57.1191,25,0,-17.5536897046887,-0.04,0.466605451381596,-0.28244484255719,-16.8833139802949
"22",1986-11-01,115.02029,6.04,1.28440366972478,6.9,57.3792,24,-1.43887374520995,-13.6287480726491,0.19,0.454330671123149,-0.18753745263032,3.10009108039502
"23",1986-12-01,108.96811,6.91,1.0978956999085,6.6,57.8623,23,-4.44517625708341,-15.6899192780623,0.87,0.838418156542797,-0.18650796981628,-5.40532769678723
"24",1987-01-01,122.11427,6.43,1.45985401459855,6.6,57.685,22,0,28.4941093120373,-0.48,-0.306887550208224,0.36195831469005,11.3901975089398
"25",1987-02-01,109.14524,6.1,2.10430009149132,6.6,58.4399,21,0,36.564647302079,-0.33,1.3001701345039,0.64444607689277,-11.2277773370983
"26",1987-03-01,122.08487,6.13,3.03308823529411,6.6,58.516,20,0,36.5598406297973,0.0300000000000002,0.130134539154714,0.92878814380279,11.2036986281052
"27",1987-04-01,110.85972,6.37,3.77532228360957,6.3,58.8851,19,-4.65200156348928,21.8904432159835,0.24,0.628786640158463,0.74223404831546,-9.6450840334299
"28",1987-05-01,110.04292,6.85,3.85674931129477,6.3,59.2653,18,0,2.13389291399837,0.48,0.643588701084585,0.0814270276852,-0.739514677090192
"29",1987-06-01,121.15791,6.73,3.65296803652968,6.2,59.5409,17,-1.60003413464409,-5.4284683487074,-0.119999999999999,0.463949683359477,-0.20378127476509,9.62242645833236
"30",1987-07-01,106.34801,6.58,3.9269406392694,6.1,59.9536,16,-1.62605208717805,7.23206615796246,-0.15,0.690745835042872,0.27397260273972,-13.0377906422271
"31",1987-08-01,74.83797,6.73,4.28441203281677,6,60.4517,15,-1.65293019512105,8.71226679918682,0.15,0.827376936829971,0.35747139354737,-35.1391453164844
"32",1987-09-01,78.98139,7.22,4.35571687840288,5.9,60.6069,14,-1.68071183163812,1.6505879760198,0.489999999999999,0.256404889909856,0.0713048455861101,5.38868785902107
"33",1987-10-01,143.60307,7.29,4.53309156844969,6,61.491,13,1.68071183163812,3.99149649796193,0.0700000000000003,1.44820746604086,0.177374690046809,59.7840780119797
"34",1987-11-01,155.42207,6.69,4.52898550724636,5.8,61.8137,12,-3.39015516756813,-0.0906207583543317,-0.6,0.523420010342956,-0.00410606120332968,7.90914132259148
"35",1987-12-01,135.47266,6.77,4.43438914027149,5.7,62.119,11,-1.73917427118691,-2.11080944323292,0.0799999999999992,0.492687753230392,-0.0945963669748702,-13.7374599698106
"36",1988-01-01,131.52145,6.83,4.04676258992805,5.7,62.1469,10,0,-9.14726691989824,0.0600000000000005,0.0449037112655759,-0.38762655034344,-2.95998925572247
"37",1988-02-01,116.58432,6.58,3.94265232974908,5.7,62.4169,9,0,-2.60635239827913,-0.25,0.433513465149904,-0.10411026017897,-12.0555168156608
"38",1988-03-01,105.05246,6.58,3.92506690454951,5.7,62.5418,8,0,-0.447028013089734,0,0.199906115531334,-0.0175854251995697,-10.4154943592558
"39",1988-04-01,113.65598,6.87,3.9041703637977,5.4,62.8959,7,-5.40672212702757,-0.533809096761484,0.29,0.564584555671122,-0.02089654075181,7.8716322163066
"40",1988-05-01,96.14574,7.09,3.89036251105217,5.6,62.8223,6,3.63676441708747,-0.354296207634497,0.22,-0.117087276795935,-0.0138078527455301,-16.7311001319139
"41",1988-06-01,89.78251,7.51,3.96475770925109,5.4,62.9823,5,-3.63676441708747,1.89424020526721,0.42,0.25436285520124,0.0743951981989199,-6.84749750892566
"42",1988-07-01,85.18197,7.75,4.13005272407733,5.4,63.0093,4,0,4.08454271689689,0.24,0.042860000846634,0.16529501482624,-5.26003984694237
"43",1988-08-01,100.15845,8.01,4.02097902097903,5.6,63.2723,3,3.63676441708747,-2.67647624744287,0.26,0.41653000951527,-0.1090737030983,16.1963640270081
"44",1988-09-01,94.55409,8.19,4.17391304347827,5.4,63.099,2,-3.63676441708747,3.73285650012434,0.18,-0.274271307863572,0.15293402249924,-5.75813802878473
"45",1988-10-01,102.23078,8.3,4.24978317432784,5.4,63.4122,1,0,1.80139882909702,0.110000000000001,0.495135039212347,0.0758701308495704,7.80607548894841
"46",1988-11-01,113.95989,8.35,4.24610051993069,5.3,63.5128,0,-1.86921330121528,-0.0866926798982481,0.0499999999999989,0.158518843515143,-0.00368265439715021,10.8613737784211
"47",1988-12-01,99.66633,8.76,4.41941074523399,5.3,63.8233,47,0,4.00053346137006,0.41,0.487686705351287,0.1733102253033,-13.4018637587826
"48",1989-01-01,105.07536,9.12,4.66724286949007,5.4,64.0153,46,1.86921330121528,5.45621337143143,0.359999999999999,0.300378984694838,0.24783212425608,5.28499002190586
"49",1989-02-01,84.84484,9.36,4.82758620689656,5.2,63.7242,45,-3.77403279828472,3.37780872641407,0.24,-0.455772104813068,0.16034333740649,-21.3853630378235
"50",1989-03-01,97.21568,9.85,4.9785407725322,5,63.8691,44,-3.92207131532814,3.07902379118801,0.49,0.227128011096944,0.15095456563564,13.6107838697381
"51",1989-04-01,108.86306,9.84,5.12382578992315,5.2,63.9124,43,3.92207131532814,2.87645540777641,-0.00999999999999979,0.0677719414113653,0.14528501739095,11.3158746780774
"52",1989-05-01,87.81604,9.81,5.36170212765957,5.2,63.4884,42,0,4.53801011888877,-0.0299999999999994,-0.665618371995258,0.23787633773642,-21.4846590226657
"53",1989-06-01,94.83974,9.53,5.16949152542373,5.3,63.5187,41,1.90481949706944,-3.65071530996715,-0.280000000000001,0.0477138688701473,-0.19221060223584,7.69443478513763
"54",1989-07-01,84.56992,9.24,4.97890295358651,5.2,62.9354,40,-1.90481949706944,-3.75647563771107,-0.289999999999999,-0.922554724733349,-0.19058857183722,-11.4609871902389
"55",1989-08-01,95.86038,8.99,4.70588235294117,5.2,63.5168,39,0,-5.63962857069176,-0.25,0.919563434896808,-0.27302060064534,12.5314110006204
"56",1989-09-01,90.9182,9.02,4.34056761268781,5.3,63.2954,38,1.90481949706944,-8.08081647235408,0.0299999999999994,-0.349178115279525,-0.365314740253361,-5.29325566738796
"57",1989-10-01,91.59669,8.84,4.49251247920133,5.3,63.2542,37,0,3.44069915630891,-0.18,-0.0651128118233757,0.15194486651352,0.743493449192467
"58",1989-11-01,107.84913,8.55,4.65502909393181,5.4,63.4616,36,1.86921330121528,3.55360432913434,-0.289999999999999,0.327347000455092,0.16251661473048,16.3338170387234
"59",1989-12-01,107.09523,8.45,4.64730290456429,5.4,63.8467,35,0,-0.166112995007617,-0.100000000000001,0.604989893974395,-0.00772618936751979,-0.701486739650115
"60",1990-01-01,100.35918,8.23,5.20231213872831,5.4,63.4228,34,0,11.2816138028049,-0.219999999999999,-0.666147926339811,0.55500923416402,-6.49628877677886
"61",1990-02-01,89.59096,8.24,5.26315789473684,5.3,64.0446,33,-1.86921330121528,1.16280379951212,0.00999999999999979,0.975629740904971,0.06084575600853,-11.3501128845235
"62",1990-03-01,86.06529,8.28,5.23303352412099,5.2,64.358,32,-1.90481949706944,-0.574007316106417,0.0399999999999991,0.488153078431086,-0.0301243706158498,-4.01482277696505
"63",1990-04-01,76.6617,8.26,4.71161657189277,5.4,64.2602,31,3.77403279828472,-10.4960063310529,-0.0199999999999996,-0.152078040042714,-0.52141695222822,-11.5703958716159
"64",1990-05-01,118.53794,8.18,4.36187399030692,5.4,64.3973,30,0,-7.71292910422388,-0.0800000000000001,0.213124072664961,-0.34974258158585,43.5830842560566
"65",1990-06-01,120.52674,8.29,4.67365028203064,5.2,64.6041,29,-3.77403279828472,6.90386320220895,0.109999999999999,0.320616950126773,0.31177629172372,1.66385589178342
"66",1990-07-01,111.56962,8.15,4.82315112540193,5.5,64.5205,28,5.60894666510436,3.14870635811597,-0.139999999999999,-0.129487350483171,0.14950084337129,-7.72228463605122
"67",1990-08-01,142.16525,8.13,5.61797752808991,5.7,64.7326,27,3.57180826020793,15.2544253778989,-0.0199999999999996,0.328193583564662,0.79482640268798,24.2341322718169
"68",1990-09-01,157.6953,8.2,6.16000000000002,5.9,64.8145,26,3.44861760711692,9.21050488553756,0.0699999999999985,0.126440516092252,0.542022471910109,10.3674576716676
"69",1990-10-01,141.11954,8.11,6.28980891719745,5.9,64.3274,25,0,2.08539138815369,-0.0899999999999999,-0.75436757543379,0.129808917197431,-11.1057357484659
"70",1990-11-01,145.29094,7.81,6.27482128673552,6.2,63.5753,24,4.95969411393722,-0.238568701620023,-0.3,-1.17606378711699,-0.0149876304619303,2.91308822653207
"71",1990-12-01,134.48512,7.31,6.10626486915148,6.3,63.1594,23,1.60003413464409,-2.72297325339106,-0.5,-0.656334047409501,-0.16855641758404,-7.72846539298353
"72",1991-01-01,175.6586,6.91,5.65149136577706,6.4,62.8852,22,1.57483569681394,-7.73958030048232,-0.399999999999999,-0.435084775623107,-0.45477350337442,26.7088777563812
"73",1991-02-01,115.21345,6.25,5.3125,6.6,62.4462,21,3.07716586667535,-6.18569346214992,-0.66,-0.700545586145651,-0.33899136577706,-42.175584359642
"74",1991-03-01,116.0257,6.12,4.89510489510491,6.8,62.119,20,2.98529631496813,-8.18268294670348,-0.13,-0.525348576545337,-0.41739510489509,0.702522337268618
"75",1991-04-01,107.24168,5.91,4.88750969743984,6.7,62.2415,19,-1.48150857851406,-0.155279534307118,-0.21,0.197007956096495,-0.00759519766507033,-7.87267392501478
"76",1991-05-01,94.75868,5.78,4.95356037151703,6.9,62.8646,18,2.94138852062933,1.34236755647872,-0.13,0.996122734709459,0.0660506740771902,-12.3751529776073
"77",1991-06-01,96.93761,5.9,4.69591993841415,6.9,63.4372,17,0,-5.34125515144166,0.12,0.906723297699141,-0.25764043310288,2.27341264225647
"78",1991-07-01,93.53158,5.82,4.44785276073617,6.8,63.5128,16,-1.45987994211527,-5.42725794428933,-0.0800000000000001,0.119102022743967,-0.24806717767798,-3.5768442408596
"79",1991-08-01,100.59554,5.66,3.79939209726441,6.9,63.5671,15,1.45987994211527,-15.7580374516939,-0.16,0.0854580516739922,-0.64846066347176,7.28087894075431
"80",1991-09-01,117.04781,5.45,3.39110776186886,6.9,64.133,14,0,-11.3684438104769,-0.21,0.886301113972721,-0.40828433539555,15.1474561122041
"81",1991-10-01,105.54142,5.21,2.92134831460676,7,64.0213,13,1.43887374520995,-14.9111380142804,-0.24,-0.174321155491519,-0.4697594472621,-10.3479001307501
"82",1991-11-01,122.24915,4.81,2.98953662182363,7,63.948,12,0,2.30731381304641,-0.4,-0.114558738723058,0.0681883072168703,14.69576928642
"83",1991-12-01,139.99911,4.43,3.06427503736921,7.3,63.6937,11,4.19641990990323,2.46926125903679,-0.38,-0.398459651446537,0.0747384155455797,13.5574890080666
"84",1992-01-01,109.20084,4.03,2.60029717682023,7.3,63.3374,10,0,-16.4185274731386,-0.399999999999999,-0.560966463089585,-0.46397786054898,-24.8447309857329
"85",1992-02-01,125.53677,4.06,2.81899109792284,7.4,63.7911,9,1.36056520557788,8.07533169693815,0.0299999999999994,0.713769023004662,0.21869392110261,13.940994811812
"86",1992-03-01,91.70583,3.98,3.18518518518521,7.4,64.3212,8,0,12.2131376006965,-0.0799999999999996,0.827559922576349,0.36619408726237,-31.4012749584403
"87",1992-04-01,87.5823,3.73,3.18047337278109,7.4,64.8088,7,0,-0.148038517043414,-0.25,0.755211519394994,-0.00471181240411989,-4.60070313906238
"88",1992-05-01,96.87495,3.82,3.02359882005902,7.6,65.0202,6,2.66682470821609,-5.05822608866864,0.0899999999999999,0.325659424060643,-0.15687455272207,10.0842048812341
"89",1992-06-01,122.34917,3.76,3.08823529411764,7.8,65.0295,5,2.59754864032611,2.11520413492938,-0.0600000000000001,0.0143022244816216,0.0646364740586201,23.3458034504406
"90",1992-07-01,120.91493,3.25,3.15712187958886,7.7,65.6172,4,-1.2903404835908,2.20609894308428,-0.51,0.899684361239306,0.06888658547122,-1.17917655643209
"91",1992-08-01,115.90752,3.3,3.14787701317718,7.6,65.2943,3,-1.30720815673531,-0.293255342127763,0.0499999999999998,-0.493311366580329,-0.00924486641167999,-4.22946087232932
"92",1992-09-01,127.01962,3.22,2.98833819241985,7.6,65.446,2,0,-5.20108171443479,-0.0799999999999996,0.232063209399946,-0.15953882075733,9.15489309543585
"93",1992-10-01,138.52179,3.1,3.2023289665211,7.3,65.9369,1,-4.02738991379397,6.91609027174789,-0.12,0.747284896986145,0.21399077410125,8.66860790569186
"94",1992-11-01,118.77686,3.09,3.04789550072568,7.4,66.2174,0,1.36056520557788,-4.94269944262031,-0.0100000000000002,0.424504418284943,-0.15443346579542,-15.3781034960963
"95",1992-12-01,106.86791,2.92,2.90065264684553,7.4,66.2772,47,0,-4.95155903891304,-0.17,0.0902678359126163,-0.14724285388015,-10.5653020936356
"96",1993-01-01,102.53033,3.02,3.25850832729904,7.3,66.5643,46,-1.36056520557788,11.6333760040391,0.1,0.432245114673702,0.35785568045351,-4.14349286281013
"97",1993-02-01,119.96253,3.03,3.24675324675325,7.1,66.8594,45,-2.77795641070757,-0.361402634054975,0.00999999999999979,0.442350918458434,-0.01175508054579,15.7020786774869
"98",1993-03-01,121.55787,3.07,3.08686288585782,7,66.7658,44,-1.41846349919565,-5.05001681067285,0.04,-0.140093358600613,-0.15989036089543,1.32110016619578
"99",1993-04-01,109.25684,2.96,3.22580645161289,7.1,67,43,1.41846349919565,4.40276536011062,-0.11,0.350164600075686,0.13894356575507,-10.6689004972313
"100",1993-05-01,133.58966,3,3.22118826055832,7.1,66.7674,42,0,-0.143266500149775,0.04,-0.347768192290854,-0.00461819105457018,20.1071422186292
"101",1993-06-01,126.04877,3.04,2.9957203994294,7,66.8781,41,-1.41846349919565,-7.25655798245146,0.04,0.165662181393422,-0.22546786112892,-5.81039673440085
"102",1993-07-01,117.58451,3.06,2.77580071174377,6.9,67.0845,40,-1.43887374520995,-7.62454863270379,0.02,0.308145950169258,-0.21991968768563,-6.95115864518767
"103",1993-08-01,106.03236,3.03,2.76792051100071,6.8,67.014,39,-1.45987994211527,-0.284293013083325,-0.0300000000000002,-0.105146599693917,-0.00788020074306006,-10.3412978560359
"104",1993-09-01,106.27469,3.09,2.68931351733899,6.7,67.3345,38,-1.48150857851406,-2.88103571891097,0.0600000000000001,0.477118252891717,-0.0786069936617197,0.228282673832858
"105",1993-10-01,84.48769,2.99,2.75035260930887,6.8,67.8515,37,1.48150857851406,2.24431619957114,-0.0999999999999996,0.764875831111933,0.0610390919698798,-22.942131400256
"106",1993-11-01,84.55661,3.02,2.67605633802818,6.6,68.1326,36,-2.98529631496813,-2.73849299064844,0.0299999999999998,0.413431276734144,-0.0742962712806898,0.0815407604026319
"107",1993-12-01,77.52033,2.96,2.74841437632137,6.5,68.5054,35,-1.52674721307884,2.66799598385264,-0.0600000000000001,0.545676788375715,0.0723580382931899,-8.6881026341957
"108",1994-01-01,80.0098,3.05,2.52454417952315,6.6,68.7648,34,1.52674721307884,-8.49636314877379,0.0899999999999999,0.377941182822461,-0.22387019679822,3.16089026319757
"109",1994-02-01,94.5927,3.25,2.51572327044024,6.6,68.7836,33,0,-0.350017858221752,0.2,0.0273358325027395,-0.00882090908290989,16.7431178889908
"110",1994-03-01,87.00632,3.34,2.50696378830085,6.5,69.4766,32,-1.52674721307884,-0.34879700517082,0.0899999999999999,1.0024660799111,-0.00875948213938971,-8.35995463669565
"111",1994-04-01,100.41637,3.56,2.36111111111112,6.4,69.8703,31,-1.55041865359651,-5.99400568018275,0.22,0.565066101317679,-0.14585267718973,14.3344482081224
"112",1994-05-01,96.52731,4.01,2.28848821081833,6.1,70.2281,30,-4.80092191863608,-3.12408884245233,0.45,0.510784959600219,-0.0726229002927901,-3.94992682876696
"113",1994-06-01,92.37978,4.25,2.49307479224376,6.1,70.6763,29,0,8.562537538174,0.24,0.636178162836831,0.20458658142543,-4.39178499561015
"114",1994-07-01,85.37095,4.26,2.77008310249307,6.1,70.7846,28,0,10.5360515657828,0.00999999999999979,0.153116544796195,0.27700831024931,-7.89022445405507
"115",1994-08-01,92.82606,4.47,2.90055248618784,6,71.2053,27,-1.65293019512105,4.60239106765417,0.21,0.592579093403955,0.13046938369477,8.37215403441842
"116",1994-09-01,90.63003,4.73,2.96347346657478,5.9,71.4767,26,-1.68071183163812,2.14608174716713,0.260000000000001,0.380426861578531,0.0629209803869402,-2.39418042525514
"117",1994-10-01,76.499,4.76,2.60809883321897,5.8,72.082,25,-1.70944333593002,-12.7740509278185,0.0299999999999994,0.843283739740119,-0.35537463335581,-16.9507946231228
"118",1994-11-01,91.77528,5.29,2.67489711934155,5.6,72.5263,24,-3.50913198112701,2.52893800298466,0.53,0.614489483734015,0.0667982861225802,18.2065311466414
"119",1994-12-01,91.79501,5.45,2.67489711934155,5.5,73.2879,23,-1.80185055026783,0,0.16,1.04462655317983,0,0.0214958532516185
"120",1995-01-01,107.95494,5.53,2.80437756497948,5.6,73.4219,22,1.80185055026783,4.72706928335461,0.0800000000000001,0.182673600894745,0.12948044563793,16.2155978990032
"121",1995-02-01,86.32307,5.92,2.86298568507159,5.4,73.3025,21,-3.63676441708747,2.06834137458078,0.39,-0.162754151806332,0.0586081200921096,-22.3617032184865
"122",1995-03-01,78.09662,5.98,2.85326086956521,5.4,73.4081,20,0,-0.340252114584749,0.0600000000000005,0.143956903232301,-0.0097248155063796,-10.0150107595509
"123",1995-04-01,65.99178,6.05,3.05291723202171,5.8,73.3612,19,7.14589639821448,6.76350980264937,0.0699999999999994,-0.0639098252786852,0.1996563624565,-16.8416589244765
"124",1995-05-01,74.70236,6.01,3.18644067796609,5.6,73.6104,18,-3.50913198112701,4.28069159150968,-0.04,0.339113459760032,0.13352344594438,12.3981495863093
"125",1995-06-01,79.67356,6,3.04054054054054,5.6,73.8602,17,0,-4.6869209923976,-0.00999999999999979,0.338779714622994,-0.14590013742555,6.44261020382473
"126",1995-07-01,83.0381,5.85,2.76280323450135,5.7,73.5664,16,1.76995770994011,-9.5789480035176,-0.15,-0.398571748844212,-0.27773730603919,4.13617518995242
"127",1995-08-01,66.76376,5.74,2.61744966442953,5.7,74.495,15,0,-5.40453957868412,-0.109999999999999,1.25436092813773,-0.14535357007182,-21.8139120258268
"128",1995-09-01,75.22517,5.8,2.54350736278446,5.6,74.7937,14,-1.76995770994011,-2.86564531565228,0.0599999999999996,0.400164779510792,-0.07394230164507,11.9325464042514
"129",1995-10-01,80.62605,5.76,2.80936454849496,5.5,74.7017,13,-1.80185055026783,9.94143384249544,-0.04,-0.123080725713454,0.2658571857105,6.93359158863878
"130",1995-11-01,90.53282,5.8,2.60521042084169,5.6,74.8897,12,1.80185055026783,-7.54448707485527,0.04,0.251351480069228,-0.20415412765327,11.5890638610314
"131",1995-12-01,84.34723,5.6,2.53841015364062,5.6,75.1755,11,0,-2.59754864032611,-0.2,0.380901562182867,-0.0668002672010699,-7.07704678043202
"132",1996-01-01,90.66318,5.56,2.72787757817698,5.6,74.6841,10,0,7.19859016445741,-0.04,-0.655816192272329,0.18946742453636,7.22093519131448
"133",1996-02-01,75.83463,5.22,2.65076209410206,5.5,75.8344,9,-1.80185055026783,-2.86766816052439,-0.34,1.52847974809633,-0.0771154840749197,-17.8596272528278
"134",1996-03-01,72.65244,5.31,2.84015852047556,5.5,75.7631,8,0,6.90126863500782,0.0899999999999999,-0.0940648826759372,0.1893964263735,-4.28680733407143
"135",1996-04-01,69.19065,5.22,2.89664252797895,5.6,76.4562,7,1.80185055026783,1.96924496263262,-0.0899999999999999,0.910666111282499,0.0564840075033897,-4.8821237249344
"136",1996-05-01,69.42779,5.24,2.89093298291723,5.6,77.0161,6,0,-0.19730358258585,0.0200000000000005,0.729646306221454,-0.00570954506171972,0.342148175005619
"137",1996-06-01,81.1797,5.27,2.75409836065573,5.3,77.6669,5,-5.50597771830275,-4.84891662547819,0.0299999999999994,0.841467827860676,-0.1368346222615,15.6377996274615
"138",1996-07-01,73.61083,5.4,2.95081967213115,5.5,77.5662,4,3.70412716803492,6.8992871486955,0.130000000000001,-0.129740389292454,0.19672131147542,-9.78730542634807
"139",1996-08-01,83.65826,5.22,2.87769784172663,5.1,78.016,3,-7.55075525081452,-2.50923727396057,-0.180000000000001,0.578216856680758,-0.0731218304045198,12.7948005678822
"140",1996-09-01,77.97563,5.3,3.00261096605745,5.2,78.5532,2,1.94180858571016,4.24916181993584,0.0800000000000001,0.686216839623377,0.12491312433082,-7.03438253538717
"141",1996-10-01,64.19595,5.24,2.992843201041,5.2,78.5065,1,0,-0.325839323805854,-0.0599999999999996,-0.0594678346848454,-0.00976776501644983,-19.4456217380012
"142",1996-11-01,74.20866,5.31,3.25520833333333,5.4,79.1996,0,3.77403279828472,8.40324387700249,0.0699999999999994,0.878982439438403,0.26236513229233,14.4940730359484
"143",1996-12-01,69.97417,5.29,3.32247557003256,5.4,79.7143,47,0,2.04538809824968,-0.0199999999999996,0.64777442348749,0.0672672366992302,-5.87546810012576
"144",1997-01-01,74.96831,5.25,3.04404145077719,5.3,79.8273,46,-1.86921330121528,-8.75241015776913,-0.04,0.14165586768069,-0.27843411925537,6.89393169585086
"145",1997-02-01,87.69729,5.19,3.03421562298256,5.2,80.793,45,-1.90481949706944,-0.323310983214631,-0.0599999999999996,1.20247768965127,-0.00982582779462993,15.6825507191908
"146",1997-03-01,75.01231,5.39,2.76172125883109,5.2,81.334,44,0,-9.4098817433621,0.199999999999999,0.667380520204031,-0.27249436415147,-15.623876470128
"147",1997-04-01,75.45429,5.51,2.49520153550861,5.1,81.3531,43,-1.94180858571016,-10.1484628151407,0.12,0.0234806571482338,-0.26651972332248,0.587480904313153
"148",1997-05-01,73.45813,5.5,2.23499361430394,4.9,81.8293,42,-4.0005334613699,-11.0131130769502,-0.00999999999999979,0.583643029847725,-0.26020792120467,-2.68114584073551
"149",1997-06-01,78.48298,5.56,2.29738353541801,5,82.2285,41,2.02027073175193,2.75325111614384,0.0599999999999996,0.4866587115961,0.0623899211140699,6.61662019568876
"150",1997-07-01,73.89487,5.52,2.22929936305731,4.9,82.8557,40,-2.02027073175193,-3.00835329530418,-0.04,0.759858324169471,-0.0680841723606997,-6.02383785819116
"151",1997-08-01,63.80988,5.54,2.22504767959312,4.8,83.7214,39,-2.06192872027358,-0.190900471592381,0.0200000000000005,1.03940793055814,-0.00425168346419014,-14.6735370116488
"152",1997-09-01,61.15956,5.54,2.15462610899871,4.9,84.4651,38,2.06192872027358,-3.21611352207982,0,0.884381145031821,-0.07042157059441,-4.24218505051277
"153",1997-10-01,83.65215,5.5,2.08464939987364,4.7,85.1918,37,-4.1672696400568,-3.30165216248716,-0.04,0.856675377572547,-0.0699767091250698,31.3180942643297
"154",1997-11-01,78.39389,5.52,1.82849936948298,4.6,85.9397,36,-2.15062052209638,-13.1105073793777,0.0199999999999996,0.874070246116432,-0.25615003039066,-6.49211387877688
"155",1997-12-01,88.74448,5.5,1.70239596469106,4.7,86.2047,35,2.15062052209638,-7.14589639821394,-0.0199999999999996,0.307881301198165,-0.12610340479192,12.4015238592195
"156",1998-01-01,91.04063,5.56,1.5713387806411,4.6,86.6474,34,-2.15062052209638,-8.01086672791336,0.0599999999999996,0.512230939589564,-0.13105718404996,2.5544661151125
"157",1998-02-01,88.81944,5.51,1.44110275689223,4.6,86.7612,33,0,-8.65193586110147,-0.0499999999999998,0.131250718057441,-0.13023602374887,-2.4700345431433
"158",1998-03-01,78.38832,5.49,1.37499999999999,4.7,86.8198,32,2.15062052209638,-4.69548927889593,-0.0199999999999996,0.0675189130448395,-0.0661027568922401,-12.493060829183
"159",1998-04-01,73.20014,5.45,1.43570536828965,4.3,87.1411,31,-8.89474860164963,4.32025431704175,-0.04,0.369393772220672,0.0607053682896599,-6.84776031322203
"160",1998-05-01,75.85511,5.49,1.68644597126797,4.4,87.6952,30,2.29895182246989,16.0967064706768,0.04,0.633852186491346,0.25074060297832,3.56277398003879
"161",1998-06-01,76.28635,5.56,1.68434185901435,4.5,87.145,29,2.24728558520586,-0.124843961284449,0.0699999999999994,-0.629376786559099,-0.00210411225362006,0.566894986936184
"162",1998-07-01,88.17701,5.54,1.6822429906542,4.5,86.8423,28,0,-0.124688295456776,-0.0199999999999996,-0.347956782373071,-0.00209886836014994,14.4852248235785
"163",1998-08-01,101.40808,5.55,1.61691542288558,4.5,88.6247,27,0,-3.96077421576343,0.00999999999999979,2.0316769647283,-0.06532756776862,13.9806500961316
"164",1998-09-01,123.96147,5.51,1.48883374689827,4.6,88.4515,26,2.1978906718775,-8.25271810011985,-0.04,-0.195622060145251,-0.12808167598731,20.0818019112726
"165",1998-10-01,109.88135,5.07,1.48514851485151,4.5,89.1677,25,-2.1978906718775,-0.247831601445503,-0.44,0.806448719010433,-0.00368523204675997,-12.0569644231396
"166",1998-11-01,92.94632,4.83,1.54798761609909,4.4,89.1098,24,-2.24728558520586,4.14409979445343,-0.24,-0.0649549180751663,0.06283910124758,-16.7379025076275
"167",1998-12-01,91.40618,4.68,1.61190328580284,4.4,89.4407,23,0,4.04598706848098,-0.15,0.370651864691496,0.06391566970375,-1.67090311516773
"168",1999-01-01,98.64504,4.63,1.67079207920795,4.3,89.8594,22,-2.29895182246989,3.58821670270401,-0.0499999999999998,0.46703907145158,0.0588887934051101,7.62148613873288
"169",1999-02-01,82.38359,4.76,1.60592958616431,4.4,90.3386,21,2.29895182246989,-3.95950425794521,0.13,0.531860652855976,-0.0648624930436401,-18.0141685844402
"170",1999-03-01,66.00053,4.81,1.72626387176328,4.2,90.4819,20,-4.65200156348928,7.22566911560062,0.0499999999999998,0.158499760812525,0.12033428559897,-22.1723494299685
"171",1999-04-01,67.53295,4.74,2.27692307692308,4.3,90.7274,19,2.3530497410194,27.6865542380528,-0.0699999999999994,0.270957561450746,0.5506592051598,2.29528546238713
"172",1999-05-01,67.08853,4.74,2.08845208845208,4.2,91.352,18,-2.3530497410194,-8.64018398267161,0,0.686077008162655,-0.188470988471,-0.660253645233499
"173",1999-06-01,73.01112,4.76,1.96319018404907,4.3,91.1994,17,2.3530497410194,-6.18523690547582,0.0199999999999996,-0.16718582880717,-0.12526190440301,8.4598667845917
"174",1999-07-01,79.81312,4.99,2.14460784313726,4.3,91.7766,16,0,8.83859169664503,0.23,0.63090450613581,0.18141765908819,8.90761436546539
"175",1999-08-01,69.55318,5.07,2.26438188494492,4.2,92.1629,15,-2.3530497410194,5.43451112589124,0.0800000000000001,0.420030029376051,0.11977404180766,-13.7596262143313
"176",1999-09-01,69.81623,5.22,2.62836185819071,4.2,91.774,14,0,14.9058961306594,0.149999999999999,-0.422863035642607,0.36397997324579,0.377486440335861
"177",1999-10-01,62.71155,5.2,2.56097560975608,4.1,92.9979,13,-2.40975515790607,-2.59725010657531,-0.0199999999999996,1.32478791431803,-0.0673862484346301,-10.7320863028851
"178",1999-11-01,82.06383,5.42,2.62195121951218,4.1,93.4371,12,0,2.35304974101953,0.22,0.471157038623904,0.0609756097561003,26.8951717890342
"179",1999-12-01,83.80947,5.3,2.68456375838926,4,94.1593,11,-2.46926125903715,2.35994602991182,-0.12,0.769954613036994,0.06261253887708,2.10486491722559
"180",2000-01-01,89.20154,5.45,2.73889227023736,4,94.1758,10,0,2.0035316558617,0.15,0.0175219595733189,0.0543285118480998,6.235229574781
"181",2000-02-01,77.60139,5.73,3.22188449848025,4.1,94.4557,9,2.46926125903715,16.2412878619604,0.28,0.296769315228929,0.48299222824289,-13.9312964611041
"182",2000-03-01,77.54831,5.85,3.75757575757574,4,94.798,8,-2.46926125903715,15.3807567797809,0.119999999999999,0.361737047423727,0.53569125909549,-0.0684242406797431
"183",2000-04-01,76.05923,6.02,3.06859205776174,3.8,95.4808,7,-5.12932943875506,-20.2555160841526,0.17,0.717686816156693,-0.688983699814,-1.93887181308572
"184",2000-05-01,97.98621,6.27,3.18892900120337,4,95.6435,6,5.12932943875506,3.84662808277938,0.25,0.170255733364755,0.12033694344163,25.3314375621446
"185",2000-06-01,92.96502,6.53,3.73044524669075,4,95.7353,5,0,15.6842471492974,0.260000000000001,0.0959353983207123,0.54151624548738,-5.26034611169424
"186",2000-07-01,79.44698,6.54,3.65926814637075,4,95.5906,4,0,-1.92644282071786,0.00999999999999979,-0.151260260726893,-0.0711771003199999,-15.7133412434334
"187",2000-08-01,66.58134,6.5,3.41113105924597,4.1,95.3112,3,2.46926125903715,-7.02192421833645,-0.04,-0.292716149871808,-0.24813708712478,-17.6665522824034
"188",2000-09-01,75.14165,6.52,3.45443716497915,3.9,95.679,2,-5.00104205746614,1.2615614229718,0.0199999999999996,0.38515112782358,0.0433061057331798,12.0950640806212
"189",2000-10-01,84.66173,6.51,3.44827586206898,3.9,95.397,1,0,-0.178518345534728,-0.00999999999999979,-0.295170722377947,-0.00616130291016992,11.9288670649313
"190",2000-11-01,125.06754,6.51,3.44622697563874,3.9,95.4229,0,0,-0.0594353657916935,0,0.0271460158599801,-0.00204888643024015,39.0190241818122
"191",2000-12-01,115.26872,6.4,3.38680926916222,3.9,95.1573,47,0,-1.73917427118662,-0.109999999999999,-0.278727981135773,-0.0594177064765198,-8.15878131944112
"192",2001-01-01,111.41604,5.98,3.73222748815165,4.2,94.5448,46,7.41079721537221,9.7116977591881,-0.42,-0.645751552998952,0.34541821898943,-3.39947954220099
"193",2001-02-01,110.91785,5.49,3.53356890459364,4.2,93.9398,45,0,-5.46968558848198,-0.49,-0.641964465810041,-0.19865858355801,-0.4481465545215
"194",2001-03-01,116.02695,5.31,2.92056074766355,4.3,93.7201,44,2.3530497410194,-19.053274662435,-0.180000000000001,-0.234147093092485,-0.61300815693009,4.50326544883231
"195",2001-04-01,122.67341,4.8,3.26911850554582,4.4,93.4469,43,2.29895182246989,11.2744743684569,-0.51,-0.29193201154829,0.34855775788227,5.57031291072603
"196",2001-05-01,100.42902,4.21,3.61516034985421,4.3,92.876,42,-2.29895182246989,10.0615833034019,-0.59,-0.612809039153284,0.34604184430839,-20.0074411498746
"197",2001-06-01,86.39027,3.97,3.24825986078885,4.5,92.3208,41,4.54623740767575,-10.701678593354,-0.24,-0.599580190660998,-0.36690048906536,-15.0576155589571
"198",2001-07-01,102.13185,3.77,2.7199074074074,4.6,91.7933,40,2.1978906718775,-17.7521587165452,-0.2,-0.573015802003685,-0.52835245338145,16.7389571866524
"199",2001-08-01,84.28912,3.65,2.7199074074074,4.9,91.6795,39,6.31789016215318,0,-0.12,-0.124051101409606,0,-19.2011831786384
"200",2001-09-01,188.05949,3.07,2.64824409902131,5,91.3289,38,2.02027073175193,-2.67010220980616,-0.58,-0.38315228035124,-0.07166330838609,80.2505555137016
"201",2001-10-01,173.14337,2.49,2.12643678160918,5.3,90.9315,37,5.82689081239758,-21.9449109812351,-0.58,-0.436080058823141,-0.52180731741213,-8.26383693290325
"202",2001-11-01,130.57564,2.09,1.89546237794371,5.5,90.486,36,3.70412716803492,-11.4984898737352,-0.4,-0.491133320103021,-0.23097440366547,-28.2167303907749
"203",2001-12-01,117.23659,1.82,1.55172413793102,5.7,90.5073,35,3.57180826020793,-20.0096147902546,-0.27,0.0235367829620081,-0.34373824001269,-10.775864592462
"204",2002-01-01,116.83746,1.73,1.14220445459736,5.7,91.0794,34,0,-30.6406532527617,-0.0900000000000001,0.630114312233498,-0.40951968333366,-0.341029163058781
"205",2002-02-01,87.60069,1.74,1.13765642775882,5.7,91.0553,33,0,-0.398974595925641,0.01,-0.0264639304214498,-0.00454802683854005,-28.7994863529154
"206",2002-03-01,83.44043,1.73,1.47559591373441,5.7,91.798,32,0,26.0091536216498,-0.01,0.812349664239775,0.33793948597559,-4.86559105407718
"207",2002-04-01,88.5661,1.75,1.63934426229508,5.9,92.1771,31,3.44861760711692,10.5234404301319,0.02,0.412121571414747,0.16374834856067,5.9616201800857
"208",2002-05-01,86.29886,1.75,1.18176702307261,5.8,92.5668,30,-1.70944333593002,-32.7285526257903,0,0.421881943603175,-0.45757723922247,-2.59327776150933
"209",2002-06-01,93.61022,1.75,1.06741573033709,5.8,93.4476,29,0,-10.1770273688465,0,0.947030534187299,-0.11435129273552,8.13231772885095
"210",2002-07-01,110.30517,1.73,1.46478873239436,5.8,93.2237,28,0,31.6470500231641,-0.02,-0.23988701784452,0.39737300205727,16.4111231770654
"211",2002-08-01,116.01482,1.74,1.80281690140844,5.7,93.2359,27,-1.73917427118691,20.7639364778243,0.01,0.0130859446414888,0.33802816901408,5.04671442388078
"212",2002-09-01,124.04314,1.75,1.51430173864274,5.7,93.3654,26,0,-17.4395952749014,0.01,0.138798626579995,-0.2885151627657,6.69114667599322
"213",2002-10-01,111.88597,1.75,2.02588632526733,5.7,93.0834,25,0,29.1052862160281,0,-0.302496143750108,0.51158458662459,-10.3149180672769
"214",2002-11-01,123.28438,1.34,2.19842164599776,5.9,93.5693,24,3.44861760711692,8.17323729586571,-0.41,0.520647274453179,0.17253532073043,9.70134916042973
"215",2002-12-01,122.22167,1.24,2.37691001697795,6,93.1103,23,1.68071183163812,7.80616627035524,-0.1,-0.491752633885678,0.17848837098019,-0.865735599985928
"216",2003-01-01,138.9534,1.24,2.59740259740261,5.8,93.8198,22,-3.39015516756813,8.87106127425855,0,0.759110926566997,0.22049258042466,12.8302261864466
"217",2003-02-01,126.72774,1.26,2.9808773903262,5.9,93.9532,21,1.70944333593002,13.7705738772003,0.02,0.142086479358561,0.38347479292359,-9.20976193763927
"218",2003-03-01,163.5238,1.25,3.0201342281879,5.9,93.7358,20,0,1.30835933525397,-0.01,-0.231659923837313,0.0392568378617,25.4917539746588
"219",2003-04-01,135.62755,1.26,2.22469410456063,6,93.0657,19,1.68071183163812,-30.5681851748435,0.01,-0.717449136493897,-0.79544012362727,-18.7046019531588
"220",2003-05-01,102.61982,1.26,2.05784204671858,6.1,93.0918,18,1.65293019512105,-7.79615414697131,0,0.0280407721107601,-0.16685205784205,-27.8881434493055
"221",2003-06-01,95.8273,1.22,2.11228460255697,6.3,93.2476,17,3.22608622182214,2.6112228163189,-0.04,0.167221785951277,0.0544425558383899,-6.84834784025234
"222",2003-07-01,91.74151,1.01,2.10993892282066,6.2,93.6582,16,-1.60003413464409,-0.111111122541785,-0.21,0.439366419370657,-0.00234567973630995,-4.35726644725172
"223",2003-08-01,95.67181,1.03,2.15827338129497,6.1,93.5246,15,-1.62605208717805,2.26495409869888,0.02,-0.142748182724528,0.0483344584743102,4.1948740119337
"224",2003-09-01,106.11576,1.01,2.32044198895027,6.1,94.0751,14,0,7.24491384860734,-0.02,0.586889616683806,0.1621686076553,10.3606884990608
"225",2003-10-01,88.04379,1.01,2.0408163265306,6,94.2079,13,-1.65293019512105,-12.8407792134127,0,0.141064272421509,-0.27962566241967,-18.6696269357177
"226",2003-11-01,84.91824,1,1.7650303364589,5.8,94.9338,12,-3.39015516756813,-14.5182009844496,-0.01,0.767576440315132,-0.2757859900717,-3.61453931142819
"227",2003-12-01,91.73699,0.98,1.87949143173023,5.7,94.8662,11,-1.73917427118691,6.28333471759912,-0.02,-0.07123287972437,0.11446109527133,7.72367672835381
"228",2004-01-01,96.56646,1,1.9262520638415,5.7,95.1085,10,0,2.45749538723818,0.02,0.255086736692434,0.0467606321112699,5.13057974447086
"229",2004-02-01,99.4573,1.01,1.69306389950845,5.6,95.6847,9,-1.76995770994011,-12.9036333282618,0.01,0.604006591180362,-0.23318816433305,2.94969303665953
"230",2004-03-01,96.78947,1,1.73724212812161,5.8,95.2088,8,3.50913198112701,2.57590261738496,-0.01,-0.49860365693748,0.04417822861316,-2.71901989528081
"231",2004-04-01,94.11528,1,2.28509249183895,5.6,95.6385,7,-3.50913198112701,27.4107629383258,0,0.450308415275202,0.54785036371734,-2.80177935183241
"232",2004-05-01,92.32118,1,3.05177111716621,5.6,96.3966,6,0,28.9315614878744,0,0.789547263213741,0.76667862532726,-1.92468295481687
"233",2004-06-01,85.34598,1.03,3.26619488296135,5.6,95.6019,5,0,6.79035467604971,0.03,-0.827823694811691,0.21442376579514,-7.8560236351767
"234",2004-07-01,87.54419,1.26,2.99075584556825,5.5,96.3385,4,-1.80185055026783,-8.8099516378823,0.23,0.767533688725752,-0.2754390373931,2.54303464955337
"235",2004-08-01,85.92587,1.43,2.65438786565548,5.4,96.4095,3,-1.83491386681964,-11.931207758032,0.17,0.0736713254728905,-0.33636797991277,-1.86587466572421
"236",2004-09-01,100.01189,1.61,2.5377969762419,5.4,96.4907,2,0,-4.49176965438988,0.18,0.0841886164929306,-0.11659088941358,15.18041311263
"237",2004-10-01,105.69511,1.76,3.1891891891892,5.5,97.4094,1,1.83491386681964,22.8470339329419,0.15,0.947608458825488,0.6513922129473,5.52695498774645
"238",2004-11-01,95.24085,1.93,3.52303523035231,5.4,97.6137,0,-1.83491386681964,9.95561875876592,0.17,0.209513718870102,0.33384604116311,-10.4149682397171
"239",2004-12-01,77.59644,2.16,3.25556158437332,5.4,98.3318,47,0,-7.89581088687292,0.23,0.732962190907571,-0.26747364597899,-20.4887396552175
"240",2005-01-01,73.91848,2.28,2.96976241900648,5.3,98.7845,46,-1.86921330121528,-9.18828345259357,0.12,0.459323552557223,-0.28579916536684,-4.85586854967153
"241",2005-02-01,58.95005,2.5,3.00751879699251,5.4,99.4639,45,1.86921330121528,1.26334628717999,0.22,0.685405440587861,0.0377563779860299,-22.6272389192008
"242",2005-03-01,57.55796,2.63,3.14834578441835,5.2,99.3061,44,-3.77403279828472,4.57617482092034,0.13,-0.158776508679459,0.14082698742584,-2.38980350469964
"243",2005-04-01,74.56597,2.79,3.51063829787233,5.2,99.4734,43,0,10.8920705095078,0.16,0.168327256585687,0.36229251345398,25.8891796801969
"244",2005-05-01,70.50812,3,2.80274986779482,5.1,99.6033,42,-1.94180858571016,-22.5196841308762,0.21,0.130502483149453,-0.70788843007751,-5.59563564236232
"245",2005-06-01,74.56133,3.04,2.53031101739588,5,99.9853,41,-1.98026272961798,-10.2258803920792,0.04,0.382787861072931,-0.27243885039894,5.58941277102827
"246",2005-07-01,68.71645,3.26,3.16789862724393,5,99.6692,40,0,22.4726247503204,0.22,-0.316647272278825,0.63758760984805,-8.16333907651448
"247",2005-08-01,64.39586,3.5,3.64116094986808,4.9,99.9435,39,-2.02027073175193,13.9234098604657,0.24,0.27483238557009,0.47326232262415,-6.49392721063213
"248",2005-09-01,91.40606,3.62,4.68667719852555,5,98.0779,38,2.02027073175193,25.2421271839122,0.12,-1.88429654497497,1.04551624865747,35.0262432901984
"249",2005-10-01,76.16368,3.78,4.34782608695652,5,99.3149,37,0,-7.50478748490062,0.16,1.25335492814704,-0.33885111156903,-18.2427069588091
"250",2005-11-01,72.21599,4,3.45549738219894,5,100.3216,36,0,-22.9709563085104,0.22,1.00854155735783,-0.89232870475758,-5.32232191211248
"251",2005-12-01,78.04893,4.16,3.41565948502364,4.9,100.9437,35,-2.02027073175193,-1.15958183862606,0.16,0.618190995845236,-0.0398378971752997,7.76744481842995
"252",2006-01-01,79.17535,4.29,3.98531725222863,4.7,101.0627,34,-4.1672696400568,15.4246332086426,0.13,0.117818062957831,0.56965776720499,1.43290752955645
"253",2006-02-01,72.69299,4.49,3.59749739311781,4.8,101.0669,33,2.10534091978323,-10.2378485532042,0.2,0.00415574957912668,-0.38781985911082,-8.54200567706975
"254",2006-03-01,64.22933,4.59,3.36264873254011,4.7,101.2751,32,-2.10534091978323,-6.75094584665588,0.0999999999999996,0.205790269421602,-0.2348486605777,-12.3784996278896
"255",2006-04-01,79.76153,4.79,3.54573484069888,4.7,101.6813,31,0,5.30164511640008,0.2,0.400283550918346,0.18308610815877,21.6581348064597
"256",2006-05-01,70.83626,4.94,4.16666666666665,4.6,101.579,30,-2.15062052209638,16.1370927800738,0.15,-0.100659114089385,0.62093182596777,-11.8670291527373
"257",2006-06-01,79.49433,4.99,4.31876606683804,4.6,101.9693,29,0,3.5853373138715,0.0499999999999998,0.383496672135397,0.15209940017139,11.5314681872253
"258",2006-07-01,80.56231,5.24,4.1453428863869,4.7,101.9319,28,2.15062052209638,-4.09842207210542,0.25,-0.0366844338527628,-0.17342318045114,1.33452239171241
"259",2006-08-01,72.76997,5.25,3.81873727087576,4.7,102.3327,27,0,-8.20656974478129,0.00999999999999979,0.392432672495602,-0.32660561551114,-10.1727552178136
"260",2006-09-01,67.06754,5.25,2.06237424547281,4.5,102.1252,26,-4.34851119397388,-61.6061945134123,0,-0.202975841227193,-1.75636302540295,-8.16031987596331
"261",2006-10-01,63.46447,5.25,1.30522088353414,4.4,102.0668,25,-2.24728558520586,-45.7485579610834,0,-0.057201067223378,-0.75715336193867,-5.52199495958474
"262",2006-11-01,62.51984,5.25,1.97368421052632,4.5,101.9688,24,2.24728558520586,41.3529667944894,0,-0.0960616750567134,0.66846332699218,-1.49962753766912
"263",2006-12-01,63.37041,5.24,2.54065040650406,4.4,103.0292,23,-2.24728558520586,25.251815999411,-0.00999999999999979,1.03455590583303,0.56696619597774,1.35130868840125
"264",2007-01-01,79.01967,5.25,2.07564296520424,4.6,102.4933,22,4.44517625708336,-20.2149145369891,0.00999999999999979,-0.521501260974766,-0.46500744129982,22.0699775563638
"265",2007-02-01,57.20262,5.26,2.41519879214898,4.5,103.5264,21,-2.1978906718775,15.1510630872287,0.00999999999999979,1.00292220553779,0.33955582694474,-32.3097107284013
"266",2007-03-01,69.88729,5.26,2.77877877877878,4.4,103.7521,20,-2.24728558520586,14.0229943671708,0,0.217774722607533,0.3635799866298,20.0284099986483
"267",2007-04-01,62.5017,5.25,2.57369727047147,4.5,104.4814,19,2.24728558520586,-7.66680512603134,-0.00999999999999979,0.700466526224996,-0.20508150830731,-11.1690045146617
"268",2007-05-01,74.68187,5.25,2.69086419753089,4.4,104.5322,18,-2.24728558520586,4.45189133246398,0,0.048609278056766,0.11716692705942,17.8043602158978
"269",2007-06-01,73.29654,5.25,2.68703794972894,4.6,104.5617,17,4.44517625708336,-0.142295205185627,0,0.0282169878659921,-0.00382624780194973,-1.87239540271387
"270",2007-07-01,59.32398,5.26,2.35823095823096,4.7,104.5227,16,2.15062052209638,-13.0527709009061,0.00999999999999979,-0.03730550959542,-0.32880699149798,-21.1499795756305
"271",2007-08-01,89.10405,5.02,1.97008337420304,4.6,104.7556,15,-2.15062052209638,-17.9835880196724,-0.24,0.222574529846309,-0.38814758402792,40.6791179241216
"272",2007-09-01,100.74438,4.94,2.75505174963038,4.7,105.1611,14,2.15062052209638,33.5360362538511,-0.0799999999999992,0.386344206421452,0.78496837542734,12.278162964403
"273",2007-10-01,89.45453,4.76,3.53617443012883,4.7,104.7171,13,0,24.9609247022951,-0.180000000000001,-0.423103173516903,0.78112268049845,-11.8855966143581
"274",2007-11-01,102.44111,4.49,4.30620347394541,4.7,105.3338,12,0,19.7011178066418,-0.27,0.587192696588623,0.77002904381658,13.5557645394068
"275",2007-12-01,108.5438,4.24,4.0812685827552,5,105.3457,11,6.18754037180873,-5.36487841785813,-0.25,0.0112967801922714,-0.22493489119021,5.78656812732223
"276",2008-01-01,144.98473,3.94,4.28029404790135,5,105.0619,10,0,4.76138427803416,-0.3,-0.269762282450792,0.19902546514615,28.9474648373292
"277",2008-02-01,108.10469,2.98,4.02655541304871,4.9,104.7094,9,-2.02027073175193,-6.11104357673586,-0.96,-0.336080609493372,-0.25373863485264,-29.3528317072264
"278",2008-03-01,111.71236,2.61,3.98145623125168,5.1,104.4616,8,4.0005334613699,-1.12636346220125,-0.37,-0.236935441266528,-0.0450991817970299,3.2827244031802
"279",2008-04-01,102.19691,2.28,3.93688977482753,5,103.6704,7,-1.98026272961798,-1.12566253052273,-0.33,-0.760290403413766,-0.0445664564241501,-8.90259110108991
"280",2008-05-01,94.28403,1.98,4.17554304180351,5.4,103.0863,6,7.69610411361286,5.88534054176517,-0.3,-0.56501342292723,0.23865326697598,-8.05896203096248
"281",2008-06-01,94.55676,2,5.02179004761172,5.6,102.8445,5,3.63676441708747,18.4542033595027,0.02,-0.234836276189299,0.84624700580821,0.288846694213696
"282",2008-07-01,109.78897,2.01,5.60012290025396,5.8,102.3002,4,3.50913198112701,10.9002090641657,0.00999999999999979,-0.530651074336586,0.57833285264224,14.935977954467
"283",2008-08-01,95.87076,2,5.37185511526235,6.1,100.7353,3,5.04308536268918,-4.16152360301683,-0.00999999999999979,-1.54153435155591,-0.22826778499161,-13.5559034196872
"284",2008-09-01,187.74031,1.81,4.9369274305722,6.1,96.3666,2,0,-8.44301478694895,-0.19,-4.43366159225169,-0.43492768469015,67.2058643668081
"285",2008-10-01,189.91728,0.97,3.65518627713749,6.5,97.2832,1,6.35134057223259,-30.059610315438,-0.84,0.94666438618729,-1.28174115343471,1.15289308118314
"286",2008-11-01,148.84258,0.39,1.06957469180738,6.8,96.0605,0,4.51204352804697,-122.888597175634,-0.58,-1.26481111103889,-2.58561158533011,-24.369937156091
"287",2008-12-01,145.99467,0.16,0.091412900645592,7.3,93.2521,47,7.09517359722844,-245.962975072692,-0.23,-2.96716229257008,-0.978161791161788,-1.93191231855456
"288",2009-01-01,171.94623,0.15,0.0298465036952745,7.8,91.0373,46,6.62493855412007,-111.931890957712,-0.01,-2.40372657328525,-0.0615663969503175,16.3611697467099
"289",2009-02-01,187.11403,0.22,0.236191088037886,8.3,90.4502,45,6.21317811070061,206.857346863325,0.07,-0.646988963948747,0.206344584342611,8.45364054471194
"290",2009-03-01,166.90338,0.18,-0.383556254917385,8.7,89.016,44,4.70675108579854,NA,-0.04,-1.59832941498506,-0.619747342955271,-11.4303134996427
"291",2009-04-01,131.85612,0.15,-0.736885715216726,9,88.3056,43,3.39015516756818,NA,-0.03,-0.801260309790752,-0.353329460299341,-23.570375400608
"292",2009-05-01,138.80585,0.18,-1.28143579895861,9.4,87.4155,42,4.34851119397388,NA,0.03,-1.01309132821052,-0.544550083741884,5.13648660542678
"293",2009-06-01,130.93349,0.21,-1.42677604368986,9.5,87.0742,41,1.05821093305369,NA,0.03,-0.39119837475825,-0.14534024473125,-5.83867098094455
"294",2009-07-01,126.28215,0.16,-2.09716135367606,9.5,88.0323,40,0,NA,-0.05,1.09431638602437,-0.6703853099862,-3.61707951470382
"295",2009-08-01,152.55009,0.16,-1.48434861196061,9.6,89.019,39,1.04712998672953,NA,0,1.11460375058758,0.61281274171545,18.8974311930881
"296",2009-09-01,145.44437,0.15,-1.28620596664276,9.8,89.6926,38,2.06192872027358,NA,-0.01,0.753843835481316,0.19814264531785,-4.76993244005568
"297",2009-10-01,138.13055,0.12,-0.18284827748609,10,89.9797,37,2.02027073175195,NA,-0.03,0.319582088449266,1.10335768915667,-5.15944242721922
"298",2009-11-01,116.16232,0.12,1.83829586913027,9.9,90.3375,36,-1.00503358535016,NA,0,0.396856727587025,2.02114414661636,-17.3210729131427
"299",2009-12-01,121.22102,0.12,2.72133112620585,9.9,90.6132,35,0,39.2282160842674,0,0.304724119153388,0.88303525707558,4.26269676119677
"300",2010-01-01,149.35928,0.11,2.62570864295763,9.8,91.6642,34,-1.01523714640179,-3.57703263996964,-0.01,1.15320017448628,-0.0956224832482198,20.8739187713295
"301",2010-02-01,132.79865,0.13,2.14333177814537,9.8,91.994,33,0,-20.2989294845092,0.02,0.359145798549321,-0.48237686481226,-11.7520607326081
"302",2010-03-01,137.47002,0.16,2.31395944694394,9.9,92.5993,32,1.01523714640179,7.65985795408545,0.03,0.655822469732392,0.17062766879857,3.45717856415941
"303",2010-04-01,137.07739,0.2,2.23644719564809,9.9,92.9436,31,0,-3.40715701792539,0.04,0.371127534587856,-0.0775122512958504,-0.28602001211171
"304",2010-05-01,151.10342,0.2,2.02098608409396,9.6,94.2997,30,-3.07716586667537,-10.1302980605494,0,1.44851507239983,-0.21546111155413,9.74188461912666
"305",2010-06-01,140.56915,0.18,1.05334897284566,9.4,94.4397,29,-2.10534091978323,-65.161096628535,-0.02,0.148352729399992,-0.9676371112483,-7.22649645237823
"306",2010-07-01,180.01445,0.18,1.23519277830146,9.4,94.8536,28,0,15.9252467230145,0,0.437311473383417,0.1818438054558,24.7337586929927
"307",2010-08-01,147.3091,0.19,1.1481045618392,9.5,95.1448,27,1.05821093305369,-7.31146781977679,0.01,0.306529137097833,-0.0870882164622599,-20.050402520258
"308",2010-09-01,182.1467,0.19,1.14368265815928,9.5,95.3637,26,0,-0.385891772904312,0,0.2298061202894,-0.00442190367992001,21.2279306110548
"309",2010-10-01,163.42491,0.19,1.17218760552694,9.4,95.1109,25,-1.05821093305369,2.46182935576089,0,-0.265442372300573,0.02850494736766,-10.8458787566562
"310",2010-11-01,179.13557,0.19,1.14316091157029,9.8,95.1383,24,4.1672696400568,-2.50745963891179,0,0.0288043263146243,-0.0290266939566499,9.17892746919398
"311",2010-12-01,165.40785,0.18,1.49572352731431,9.3,96.0599,23,-5.2367985517316,26.8812899597617,-0.01,0.96403327800676,0.35256261574402,-7.97286513145483
"312",2011-01-01,142.17046,0.17,1.63184685744875,9.1,95.9364,22,-2.17399866364061,8.71023602631232,-0.00999999999999998,-0.128648330236647,0.13612333013444,-15.1387481959268
"313",2011-02-01,145.5089,0.16,2.10758462865817,9,95.5154,21,-1.10498361865847,25.5830151243246,-0.01,-0.439798088699028,0.47573777120942,2.32104929202874
"314",2011-03-01,174.35437,0.14,2.68160326424087,9,96.4643,20,0,24.0872282543898,-0.02,0.988550067995142,0.5740186355827,18.0852584207212
"315",2011-04-01,157.4959,0.1,3.16363085927646,9.1,96.1187,19,1.10498361865847,16.5305525518187,-0.04,-0.358910569460758,0.48202759503559,-10.1690411152106
"316",2011-05-01,126.19207,0.09,3.56864578463457,9,96.3377,18,-1.10498361865847,12.046581769515,-0.01,0.227584112063806,0.40501492535811,-22.159431481506
"317",2011-06-01,158.08862,0.09,3.55882825224234,9.1,96.6154,17,1.10498361865847,-0.275484373575807,0,0.287842166553354,-0.00981753239222982,22.5350650499349
"318",2011-07-01,197.91635,0.07,3.62871598222109,9,97.1292,16,-1.10498361865847,1.94475137396071,-0.02,0.530390219382948,0.0698877299787499,22.4688704814348
"319",2011-08-01,245.12672,0.1,3.77120817911978,9,97.6731,15,0,3.85165602391586,0.03,0.558413749067821,0.14249219689869,21.393083464058
"320",2011-09-01,204.62979,0.08,3.86835684104031,9,97.6494,14,0,2.54344059650125,-0.02,-0.0242675576201279,0.0971486619205302,-18.0572857228317
"321",2011-10-01,159.73958,0.07,3.5251999213574,8.8,98.3222,13,-2.24728558520586,-9.28926780651609,-0.01,0.686632801225073,-0.34315691968291,-24.7657579878506
"322",2011-11-01,166.33902,0.08,3.39437759080084,8.6,98.2433,12,-2.29895182246991,-3.78167368649966,0.01,-0.0802785882948243,-0.13082233055656,4.04831306625351
"323",2011-12-01,189.39836,0.07,2.96241884487108,8.5,98.7876,11,-1.16960397631911,-13.6114301120001,-0.01,0.552503576452956,-0.43195874592976,12.9824526915821
"324",2012-01-01,178.28653,0.08,2.92521671215086,8.3,99.3925,10,-2.38106486937184,-1.26375443861344,0.01,0.610456729512965,-0.0372021327202203,-6.04605466074695
"325",2012-02-01,149.63708,0.1,2.87109878043821,8.3,99.6203,9,0,-1.86737607335989,0.02,0.22893009845566,-0.0541179317126499,-17.5179079393615
"326",2012-03-01,137.55312,0.13,2.65139819302177,8.2,99.1551,8,-1.21213605323449,-7.96076859660956,0.03,-0.468066822479241,-0.21970058741644,-8.42027260163034
"327",2012-04-01,136.59669,0.14,2.30273981129894,8.2,99.9006,7,0,-14.0987484567198,0.01,0.749040078318242,-0.34865838172283,-0.697745426343754
"328",2012-05-01,158.56197,0.16,1.7042537749376,8.2,100.0924,6,0,-30.0972290024353,0.02,0.191806772039449,-0.59848603636134,14.9112779312618
"329",2012-06-01,194.61058,0.16,1.6639937622385,8.2,100.0728,5,0,-2.3906752535056,0,-0.0195838238242096,-0.0402600126991002,20.485504138488
"330",2012-07-01,184.8797,0.16,1.40845070422535,8.2,100.3354,4,0,-16.6730284790468,0,0.262065275064405,-0.25554305801315,-5.12951929176051
"331",2012-08-01,152.35345,0.13,1.69237899755014,8.1,99.856,3,-1.22700925918142,18.3644920978346,-0.03,-0.478942568358764,0.28392829332479,-19.3502192890511
"332",2012-09-01,175.27705,0.14,1.99128208066498,7.8,99.9049,2,-3.7740327982847,16.2643463004539,0.01,0.0489585309004781,0.29890308311484,14.0164714530937
"333",2012-10-01,165.94449,0.16,2.16234359887113,7.8,100.1167,1,0,8.24139400572727,0.02,0.211777207221164,0.17106151820615,-5.47145300882272
"334",2012-11-01,187.49065,0.16,1.76413384608586,7.7,100.5991,0,-1.2903404835908,-20.3532801814899,0,0.480680573064962,-0.39820975278527,12.2075642657575
"335",2012-12-01,192.82516,0.16,1.74102236874755,7.9,100.9542,47,2.56424306133378,-1.31873222505119,0,0.352363734466898,-0.0231114773383101,2.80548940872283
"336",2013-01-01,157.53331,0.14,1.59486466812256,8,100.8204,46,1.25787822068597,-8.76836238565349,-0.02,-0.132623253483466,-0.14615770062499,-20.2146943619757
"337",2013-02-01,114.65411,0.15,1.97792350974905,7.7,101.3995,45,-3.82212128201975,21.5258676886825,0.00999999999999998,0.572744406506853,0.38305884162649,-31.771707107275
"338",2013-03-01,124.94081,0.14,1.47389621259678,7.5,101.8114,44,-2.63173083173736,-29.4138182741881,-0.00999999999999998,0.405392195110288,-0.50402729715227,8.5920248261167
"339",2013-04-01,118.71048,0.15,1.06308538148945,7.6,101.6364,43,1.32452267500205,-32.6733961825039,0.00999999999999998,-0.172034343119609,-0.41081083110733,-5.11525176317615
"340",2013-05-01,104.30455,0.11,1.36196505885168,7.5,101.7476,42,-1.32452267500205,24.7753135719432,-0.04,0.109349812257165,0.29887967736223,-12.9372602308246
"341",2013-06-01,114.61613,0.09,1.75441654537688,7.5,101.9549,41,0,25.3207795762124,-0.02,0.20353218204221,0.3924514865252,9.4273559596231
"342",2013-07-01,94.03991,0.09,1.96068161184441,7.3,101.5204,40,-2.70286723879192,11.1155825066194,0,-0.427079513266371,0.20626506646753,-19.7869278180673
"343",2013-08-01,102.77068,0.08,1.51836755954321,7.2,102.1907,39,-1.37933221323359,-25.5656390182494,-0.01,0.658091207728528,-0.4423140523012,8.87808317001788
"344",2013-09-01,144.40178,0.08,1.18492526155215,7.2,102.717,38,0,-24.7956081572202,0,0.513695832170402,-0.33344229799106,34.0099454920525
"345",2013-10-01,171.02225,0.09,0.963612704643405,7.2,102.5371,37,0,-20.674552594484,0.01,-0.175294959824779,-0.221312556908745,16.9194111744691
"346",2013-11-01,89.90614,0.08,1.23707220453391,6.9,102.8379,36,-4.25596144187959,24.9813286155967,-0.01,0.292927780975027,0.273459499890505,-64.3027427742872
"347",2013-12-01,104.60212,0.09,1.5017356196184,6.7,103.1504,35,-2.94138852062933,19.3874056563855,0.01,0.303415523835238,0.26466341508449,15.1397581857485
"348",2014-01-01,93.50074,0.07,1.57894736842106,6.6,102.7216,34,-1.50378773645408,5.01368835427927,-0.02,-0.416570121320792,0.07721174880266,-11.2194468410035
"349",2014-02-01,88.98534,0.07,1.12634925010553,6.7,103.5917,33,1.50378773645408,-33.7776752038009,0,0.843479464149333,-0.45259811831553,-4.94977136384902
"350",2014-03-01,93.4676,0.08,1.51220287576308,6.7,104.5889,32,0,29.4585795390674,0.01,0.958021666718345,0.38585362565755,4.91432151137978
"351",2014-04-01,91.11802,0.09,1.95285789851676,6.2,104.6371,31,-7.75582343458745,25.5726442782877,0.01,0.0460745804562457,0.44065502275368,-2.54592628616548
"352",2014-05-01,90.39224,0.09,2.12711154993669,6.3,105.0152,30,1.60003413464409,8.5471090939772,0,0.360692832772358,0.17425365141993,-0.79971663098366
"353",2014-06-01,81.00762,0.1,2.07234137316707,6.1,105.4081,29,-3.22608622182214,-2.6085913354963,0.01,0.373438166402984,-0.0547701767696203,-10.9615198683817
"354",2014-07-01,76.64491,0.09,1.99232863576429,6.2,105.6157,28,1.62605208717805,-3.93749428676853,-0.01,0.1967551214344,-0.0800127374027799,-5.53600269493391
"355",2014-08-01,71.26215,0.09,1.69961133416281,6.1,105.4986,27,-1.62605208717805,-15.8904525388396,0,-0.11093517777736,-0.29271730160148,-7.28178664458961
"356",2014-09-01,84.33692,0.09,1.65791867571504,5.9,105.8138,26,-3.33364202675916,-2.48365920789055,0,0.298326301503948,-0.0416926584477701,16.845439787273
"357",2014-10-01,100.20665,0.09,1.66434021563204,5.7,105.8357,25,-3.44861760711692,0.386577212918882,0,0.0206945918399093,0.00642153991700001,17.2414824914704
"358",2014-11-01,88.56004,0.09,1.32235518237088,5.8,106.6634,24,1.73917427118691,-23.0014402189011,0,0.779019003737691,-0.34198503326116,-12.3553813642562
"359",2014-12-01,85.1875,0.12,0.75649326965574,5.6,106.5085,23,-3.50913198112701,-55.8476018302283,0.03,-0.145328748547957,-0.56586191271514,-3.8826030614711
"360",2015-01-01,117.16062,0.11,-0.0893483130696404,5.7,105.9806,22,1.76995770994011,NA,-0.01,-0.496873567708178,-0.84584158272538,31.869110439728
"361",2015-02-01,100.31974,0.11,-0.0251298018153027,5.5,105.4425,21,-3.57180826020793,NA,0,-0.509027785411131,0.0642185112543377,-15.5183328679318
"362",2015-03-01,105.21815,0.11,-0.0736373908664205,5.4,105.1464,20,-1.83491386681964,NA,0,-0.28121158819836,-0.0485075890511178,4.76733287646729
"363",2015-04-01,109.64379,0.12,-0.199517446176688,5.4,104.5272,19,0,NA,0.01,-0.590634014065117,-0.125880055310268,4.12010245737813
"364",2015-05-01,101.01895,0.12,-0.0399327448507808,5.6,104.0742,18,3.63676441708747,NA,0,-0.434321833025653,0.159584701325907,-8.19287155086688
"365",2015-06-01,108.9528,0.13,0.123771203685437,5.3,103.7174,17,-5.50597771830275,NA,0.01,-0.343421342026939,0.163703948536218,7.56066379182165
"366",2015-07-01,98.91843,0.13,0.169569779643243,5.2,104.3243,16,-1.90481949706944,31.4829791731094,0,0.583442378712906,0.045798575957806,-9.66191898066935
"367",2015-08-01,129.69531,0.14,0.195079293005754,5.1,104.1621,15,-1.94180858571016,14.0141585295592,0.01,-0.155597710665756,0.025509513362511,27.089235918249
"368",2015-09-01,138.72168,0.14,-0.03612974780597,5,103.7768,14,-1.98026272961798,NA,0,-0.370590054065012,-0.231209040811724,6.72816933870291
"369",2015-10-01,102.89401,0.12,0.170574435735558,5,103.3976,13,0,NA,-0.02,-0.366068803346398,0.206704183541528,-29.8770194396083
"370",2015-11-01,92.10043,0.12,0.501797578667892,5.1,102.6866,12,1.98026272961798,107.902503394523,0,-0.690011966941739,0.331223142932334,-11.0819817200876
"371",2015-12-01,99.34261,0.24,0.729519786041599,5,102.1014,11,-1.98026272961798,37.4189681711302,0.12,-0.571519418019051,0.227722207373707,7.56949706499528
"372",2016-01-01,119.01518,0.34,1.37308681383098,4.9,102.9525,10,-2.02027073175193,63.2430142731777,0.1,0.830127968816363,0.643567027789381,18.0676465262734
"373",2016-02-01,114.62456,0.38,1.01779978016547,4.9,102.2225,9,0,-29.9418134905799,0.04,-0.711590671730811,-0.35528703366551,-3.75889560361511
"374",2016-03-01,104.19081,0.36,0.852536221142723,5,101.4155,8,2.02027073175193,-17.7182801765766,-0.02,-0.792587065873729,-0.165263559022747,-9.54381623126777
"375",2016-04-01,84.25134,0.37,1.12511041889441,5,101.5167,7,0,27.7420763551444,0.01,0.0997377531896326,0.272574197751687,-21.2419455501942
"376",2016-05-01,82.04127,0.37,1.01932255419356,4.8,101.4298,6,-4.0821994520255,-9.87429368811482,0,-0.0856383384891579,-0.10578786470085,-2.65820608126006
"377",2016-06-01,162.62912,0.38,0.997326494523079,4.9,101.8747,5,2.06192872027358,-2.18153297624232,0.01,0.437669318866796,-0.021996059670481,68.4249857532048
"378",2016-07-01,121.96465,0.39,0.827138870498713,4.8,102.1325,4,-2.06192872027358,-18.7105591583823,0.01,0.252736312469537,-0.170187624024366,-28.7741022221879
"379",2016-08-01,91.8289,0.4,1.06287450276104,4.9,102.0407,3,2.06192872027358,25.0759710158271,0.01,-0.0899236591148878,0.235735632262327,-28.3804185750593
"380",2016-09-01,79.80896,0.4,1.46378364748159,5,102.0477,2,2.02027073175193,32.0047589944232,0,0.00685977253267467,0.40090914472055,-14.0291284042963
"381",2016-10-01,92.51784,0.4,1.63598752091763,4.9,102.2485,1,-2.02027073175193,11.1221987507057,0,0.196577385836871,0.17220387343604,14.7765711932696
"382",2016-11-01,169.37782,0.41,1.69253716250379,4.7,102.0507,0,-4.1672696400568,3.39820723789321,0.00999999999999995,-0.193637627367238,0.0565496415861599,60.4730350154652
"383",2016-12-01,115.15205,0.54,2.07462213296692,4.7,102.9281,47,0,20.3550349775915,0.13,0.856093760611909,0.38208497046313,-38.5878411967807
"384",2017-01-01,134.86954,0.65,2.50004220905299,4.7,103.0366,46,0,18.6528582847473,0.11,0.105357869612099,0.42542007608607,15.805451185712
"385",2017-02-01,133.33147,0.66,2.7379581714893,4.6,102.6479,45,-2.15062052209638,9.09048343658029,0.01,-0.377957952808305,0.23791596243631,-1.14696574889512
"386",2017-03-01,119.77617,0.79,2.38061243344026,4.4,103.343,44,-4.44517625708336,-13.9854670162738,0.13,0.674886743366088,-0.35734573804904,-10.7213532305154
"387",2017-04-01,121.57059,0.9,2.19968987841731,4.4,104.2721,43,0,-7.90413934837964,0.11,0.895027579699104,-0.18092255502295,1.48703306898712
"388",2017-05-01,104.17097,0.91,1.87487772084137,4.4,104.4129,42,0,-15.9772944327615,0.01,0.134940241383052,-0.32481215757594,-15.4461590071909
"389",2017-06-01,98.75896,1.04,1.63348795525648,4.3,104.5849,41,-2.29895182246989,-13.7825863293037,0.13,0.164595071174123,-0.24138976558489,-5.33513578126801
"390",2017-07-01,110.75359,1.15,1.72797845637248,4.3,104.5427,40,0,5.62346244756668,0.11,-0.0403581359636362,0.094490501116,11.4625689907417
"391",2017-08-01,109.17826,1.16,1.93897421205817,4.4,104.0475,39,2.29895182246989,11.5206873635977,0.01,-0.474807474487537,0.21099575568569,-1.43258645079456
"392",2017-09-01,96.75076,1.15,2.23296386500322,4.2,104.0502,38,-4.65200156348928,14.1170713899434,-0.01,0.00259493497543062,0.29398965294505,-12.0843772065625
"393",2017-10-01,102.16058,1.15,2.04112870197618,4.1,105.6287,37,-2.40975515790607,-8.98268503298199,0,1.50566396590079,-0.19183516302704,5.44077019008045
"394",2017-11-01,94.4896,1.16,2.20258293868319,4.2,106.193,36,2.40975515790607,7.61277945963541,0.01,0.532807861484308,0.16145423670701,-7.80561135436226
"395",2017-12-01,111.49722,1.3,2.10908247456841,4.1,106.536,35,-2.40975515790607,-4.33777279902029,0.14,0.322476293538543,-0.0935004641147801,16.5509882320544
"396",2018-01-01,123.65156,1.41,2.07050762027519,4.1,106.2655,34,0,-1.84592023387619,0.11,-0.254227668217233,-0.0385748542932198,10.3467952289479
"397",2018-02-01,94.00742,1.42,2.21179542123866,4.1,106.6419,33,0,6.60107891052775,0.01,0.353581314830009,0.14128780096347,-27.409389481848
"398",2018-03-01,136.33432,1.51,2.35971140397293,4,107.2519,32,-2.46926125903715,6.47347316024069,0.0900000000000001,0.570378060295074,0.14791598273427,37.1736389187397
"399",2018-04-01,108.21374,1.69,2.46274394333479,4,108.2223,31,0,4.27368273330547,0.18,0.900717172296694,0.10303253936186,-23.1001759101114
"400",2018-05-01,124.93665,1.7,2.80101171480756,3.8,107.3639,30,-5.12932943875506,12.8704526194539,0.01,-0.796344604976529,0.33826777147277,14.369846342457
"401",2018-06-01,108.6274,1.82,2.87154783531667,4,108.1707,29,5.12932943875506,2.48705211992071,0.12,0.748653597431925,0.07053612050911,-13.9883131132961
"402",2018-07-01,133.08626,1.91,2.94951508664711,3.8,108.652,28,-5.12932943875506,2.67895795979491,0.0899999999999999,0.443957934782269,0.0779672513304397,20.3073811715957
"403",2018-08-01,99.13562,1.91,2.69918010418745,3.8,109.5246,27,0,-8.86927176535854,0,0.799906729481137,-0.25033498245966,-29.4508677749856
"404",2018-09-01,102.6602,1.95,2.27697219419899,3.7,109.6749,26,-2.66682470821611,-17.0101486366543,0.04,0.137135370796582,-0.42220790998846,3.49356936397962
"405",2018-10-01,111.51256,2.19,2.52246992860702,3.8,109.9165,25,2.66682470821611,10.2391976496374,0.24,0.220045136089464,0.24549773440803,8.27127249873163
"406",2018-11-01,130.22386,2.2,2.17660103215239,3.7,110.5067,24,-2.66682470821611,-14.7474051425073,0.0100000000000002,0.535516597589769,-0.34586889645463,15.5117739217432
"407",2018-12-01,166.2868,2.27,1.91015884863136,3.9,110.5516,23,5.26437334854217,-13.0578095060623,0.0699999999999998,0.040622768398535,-0.26644218352103,24.4459038910916
"408",2019-01-01,201.032,2.4,1.55123513819909,4,110.1185,22,2.531780798429,-20.8134928464701,0.13,-0.392532161000148,-0.35892371043227,18.975009094319
"409",2019-02-01,106.90066,2.4,1.52013526593332,3.8,109.5631,21,-5.12932943875506,-2.02521553140218,0,-0.505641968506332,-0.03109987226577,-63.1564107361239
"410",2019-03-01,140.24738,2.41,1.86252274056917,3.8,109.6811,20,0,20.3132559254259,0.0100000000000002,0.107642538679542,0.34238747463585,27.1507871295071
"411",2019-04-01,98.73669,2.42,1.99643977553027,3.6,108.9888,19,-5.40672212702757,6.94336011439016,0.00999999999999979,-0.633193972336432,0.1339170349611,-35.0951253414583
"412",2019-05-01,122.53876,2.39,1.79022846876638,3.6,109.2264,18,0,-10.9022234152315,-0.0299999999999998,0.217766767756089,-0.20621130676389,21.5970778214724
"413",2019-06-01,150.11678,2.38,1.64848465607624,3.7,109.2774,17,2.73989741881147,-8.24867722132419,-0.0100000000000002,0.0466811111991206,-0.14174381269014,20.2986136428175
"414",2019-07-01,149.9729,2.4,1.81146480639352,3.7,109.0852,16,0,9.42793276062918,0.02,-0.176037517078775,0.16298015031728,-0.0958913422313579
"415",2019-08-01,190.46324,2.13,1.74977988942916,3.7,109.8543,15,0,-3.46458007275222,-0.27,0.702571407721475,-0.0616849169643598,23.9004598959778
"416",2019-09-01,134.36179,2.04,1.71130451316953,3.5,109.48,14,-5.55698511548108,-2.22340496824501,-0.0899999999999999,-0.341305817968784,-0.0384753762596302,-34.8923122994444
"417",2019-10-01,118.48822,1.83,1.7640429444214,3.6,109.0086,13,2.81708769666962,3.03523493250858,-0.21,-0.431510597313434,0.0527384312518702,-12.572254072168
"418",2019-11-01,131.7507,1.55,2.05127798189161,3.5,109.9726,12,-2.81708769666962,15.0854702516069,-0.28,0.880446565568782,0.28723503747021,10.6097954149281
"419",2019-12-01,142.26967,1.55,2.2851297401217,3.5,109.5407,11,0,10.7959797066568,0,-0.393507416018846,0.23385175823009,7.68128406267667
